,trade_date,pre_close,upper_limit,lower_limit,turn_rate,adj_factor,margin_ratio,multiplier,is_adjusted,is_suspended,position,settle_price,pre_settle,conversion_price,exercise_price,is_st,symbol,sec_type1,sec_type2,board,exchange,sec_id,sec_name,sec_abbr,price_tick,trade_n,listed_date,delisted_date,underlying_symbol,option_type,option_margin_ratio1,option_margin_ratio2,call_or_put,conversion_start_date
0,2023-01-03 00:00:00+08:00,7.28,8.01,6.55,0.0882,11.43443108,1.0,1,False,False,0,0.0,0.0,0.0,0.0,False,SHSE.600000,1010,101001,10100101,SHSE,600000,浦发银行,PFYH,0.01,1,1999-11-10 00:00:00+08:00,2038-01-01 00:00:00+08:00,,,0.0,0.0,,
1,2023-01-04 00:00:00+08:00,7.23,7.95,6.51,0.1054,11.43443108,1.0,1,False,False,0,0.0,0.0,0.0,0.0,False,SHSE.600000,1010,101001,10100101,SHSE,600000,浦发银行,PFYH,0.01,1,1999-11-10 00:00:00+08:00,2038-01-01 00:00:00+08:00,,,0.0,0.0,,
2,2023-01-05 00:00:00+08:00,7.31,8.04,6.58,0.1028,11.43443108,1.0,1,False,False,0,0.0,0.0,0.0,0.0,False,SHSE.600000,1010,101001,10100101,SHSE,600000,浦发银行,PFYH,0.01,1,1999-11-10 00:00:00+08:00,2038-01-01 00:00:00+08:00,,,0.0,0.0,,
3,2023-01-06 00:00:00+08:00,7.35,8.09,6.62,0.0692,11.43443108,1.0,1,False,False,0,0.0,0.0,0.0,0.0,False,SHSE.600000,1010,101001,10100101,SHSE,600000,浦发银行,PFYH,0.01,1,1999-11-10 00:00:00+08:00,2038-01-01 00:00:00+08:00,,,0.0,0.0,,
4,2023-01-09 00:00:00+08:00,7.34,8.07,6.61,0.0668,11.43443108,1.0,1,False,False,0,0.0,0.0,0.0,0.0,False,SHSE.600000,1010,101001,10100101,SHSE,600000,浦发银行,PFYH,0.01,1,1999-11-10 00:00:00+08:00,2038-01-01 00:00:00+08:00,,,0.0,0.0,,
5,2023-01-10 00:00:00+08:00,7.34,8.07,6.61,0.0552,11.43443108,1.0,1,False,False,0,0.0,0.0,0.0,0.0,False,SHSE.600000,1010,101001,10100101,SHSE,600000,浦发银行,PFYH,0.01,1,1999-11-10 00:00:00+08:00,2038-01-01 00:00:00+08:00,,,0.0,0.0,,
6,2023-01-11 00:00:00+08:00,7.28,8.01,6.55,0.0655,11.43443108,1.0,1,False,False,0,0.0,0.0,0.0,0.0,False,SHSE.600000,1010,101001,10100101,SHSE,600000,浦发银行,PFYH,0.01,1,1999-11-10 00:00:00+08:00,2038-01-01 00:00:00+08:00,,,0.0,0.0,,
7,2023-01-12 00:00:00+08:00,7.3,8.03,6.57,0.0574,11.43443108,1.0,1,False,False,0,0.0,0.0,0.0,0.0,False,SHSE.600000,1010,101001,10100101,SHSE,600000,浦发银行,PFYH,0.01,1,1999-11-10 00:00:00+08:00,2038-01-01 00:00:00+08:00,,,0.0,0.0,,
8,2023-01-13 00:00:00+08:00,7.27,8.0,6.54,0.0742,11.43443108,1.0,1,False,False,0,0.0,0.0,0.0,0.0,False,SHSE.600000,1010,101001,10100101,SHSE,600000,浦发银行,PFYH,0.01,1,1999-11-10 00:00:00+08:00,2038-01-01 00:00:00+08:00,,,0.0,0.0,,
9,2023-01-16 00:00:00+08:00,7.34,8.07,6.61,0.1254,11.43443108,1.0,1,False,False,0,0.0,0.0,0.0,0.0,False,SHSE.600000,1010,101001,10100101,SHSE,600000,浦发银行,PFYH,0.01,1,1999-11-10 00:00:00+08:00,2038-01-01 00:00:00+08:00,,,0.0,0.0,,
10,2023-01-17 00:00:00+08:00,7.33,8.06,6.6,0.0825,11.43443108,1.0,1,False,False,0,0.0,0.0,0.0,0.0,False,SHSE.600000,1010,101001,10100101,SHSE,600000,浦发银行,PFYH,0.01,1,1999-11-10 00:00:00+08:00,2038-01-01 00:00:00+08:00,,,0.0,0.0,,
11,2023-01-18 00:00:00+08:00,7.3,8.03,6.57,0.0835,11.43443108,1.0,1,False,False,0,0.0,0.0,0.0,0.0,False,SHSE.600000,1010,101001,10100101,SHSE,600000,浦发银行,PFYH,0.01,1,1999-11-10 00:00:00+08:00,2038-01-01 00:00:00+08:00,,,0.0,0.0,,
12,2023-01-19 00:00:00+08:00,7.31,8.04,6.58,0.0569,11.43443108,1.0,1,False,False,0,0.0,0.0,0.0,0.0,False,SHSE.600000,1010,101001,10100101,SHSE,600000,浦发银行,PFYH,0.01,1,1999-11-10 00:00:00+08:00,2038-01-01 00:00:00+08:00,,,0.0,0.0,,
13,2023-01-20 00:00:00+08:00,7.33,8.06,6.6,0.0715,11.43443108,1.0,1,False,False,0,0.0,0.0,0.0,0.0,False,SHSE.600000,1010,101001,10100101,SHSE,600000,浦发银行,PFYH,0.01,1,1999-11-10 00:00:00+08:00,2038-01-01 00:00:00+08:00,,,0.0,0.0,,
14,2023-01-30 00:00:00+08:00,7.36,8.1,6.62,0.1084,11.43443108,1.0,1,False,False,0,0.0,0.0,0.0,0.0,False,SHSE.600000,1010,101001,10100101,SHSE,600000,浦发银行,PFYH,0.01,1,1999-11-10 00:00:00+08:00,2038-01-01 00:00:00+08:00,,,0.0,0.0,,
15,2023-01-31 00:00:00+08:00,7.4,8.14,6.66,0.0969,11.43443108,1.0,1,False,False,0,0.0,0.0,0.0,0.0,False,SHSE.600000,1010,101001,10100101,SHSE,600000,浦发银行,PFYH,0.01,1,1999-11-10 00:00:00+08:00,2038-01-01 00:00:00+08:00,,,0.0,0.0,,
16,2023-02-01 00:00:00+08:00,7.37,8.11,6.63,0.0636,11.43443108,1.0,1,False,False,0,0.0,0.0,0.0,0.0,False,SHSE.600000,1010,101001,10100101,SHSE,600000,浦发银行,PFYH,0.01,1,1999-11-10 00:00:00+08:00,2038-01-01 00:00:00+08:00,,,0.0,0.0,,
17,2023-02-02 00:00:00+08:00,7.36,8.1,6.62,0.0746,11.43443108,1.0,1,False,False,0,0.0,0.0,0.0,0.0,False,SHSE.600000,1010,101001,10100101,SHSE,600000,浦发银行,PFYH,0.01,1,1999-11-10 00:00:00+08:00,2038-01-01 00:00:00+08:00,,,0.0,0.0,,
18,2023-02-03 00:00:00+08:00,7.36,8.1,6.62,0.1018,11.43443108,1.0,1,False,False,0,0.0,0.0,0.0,0.0,False,SHSE.600000,1010,101001,10100101,SHSE,600000,浦发银行,PFYH,0.01,1,1999-11-10 00:00:00+08:00,2038-01-01 00:00:00+08:00,,,0.0,0.0,,
19,2023-02-06 00:00:00+08:00,7.27,8.0,6.54,0.0776,11.43443108,1.0,1,False,False,0,0.0,0.0,0.0,0.0,False,SHSE.600000,1010,101001,10100101,SHSE,600000,浦发银行,PFYH,0.01,1,1999-11-10 00:00:00+08:00,2038-01-01 00:00:00+08:00,,,0.0,0.0,,
20,2023-02-07 00:00:00+08:00,7.25,7.98,6.53,0.0527,11.43443108,1.0,1,False,False,0,0.0,0.0,0.0,0.0,False,SHSE.600000,1010,101001,10100101,SHSE,600000,浦发银行,PFYH,0.01,1,1999-11-10 00:00:00+08:00,2038-01-01 00:00:00+08:00,,,0.0,0.0,,
21,2023-02-08 00:00:00+08:00,7.24,7.96,6.52,0.0446,11.43443108,1.0,1,False,False,0,0.0,0.0,0.0,0.0,False,SHSE.600000,1010,101001,10100101,SHSE,600000,浦发银行,PFYH,0.01,1,1999-11-10 00:00:00+08:00,2038-01-01 00:00:00+08:00,,,0.0,0.0,,
22,2023-02-09 00:00:00+08:00,7.23,7.95,6.51,0.0371,11.43443108,1.0,1,False,False,0,0.0,0.0,0.0,0.0,False,SHSE.600000,1010,101001,10100101,SHSE,600000,浦发银行,PFYH,0.01,1,1999-11-10 00:00:00+08:00,2038-01-01 00:00:00+08:00,,,0.0,0.0,,
23,2023-02-10 00:00:00+08:00,7.26,7.99,6.53,0.0407,11.43443108,1.0,1,False,False,0,0.0,0.0,0.0,0.0,False,SHSE.600000,1010,101001,10100101,SHSE,600000,浦发银行,PFYH,0.01,1,1999-11-10 00:00:00+08:00,2038-01-01 00:00:00+08:00,,,0.0,0.0,,
24,2023-02-13 00:00:00+08:00,7.24,7.96,6.52,0.0697,11.43443108,1.0,1,False,False,0,0.0,0.0,0.0,0.0,False,SHSE.600000,1010,101001,10100101,SHSE,600000,浦发银行,PFYH,0.01,1,1999-11-10 00:00:00+08:00,2038-01-01 00:00:00+08:00,,,0.0,0.0,,
25,2023-02-14 00:00:00+08:00,7.23,7.95,6.51,0.0406,11.43443108,1.0,1,False,False,0,0.0,0.0,0.0,0.0,False,SHSE.600000,1010,101001,10100101,SHSE,600000,浦发银行,PFYH,0.01,1,1999-11-10 00:00:00+08:00,2038-01-01 00:00:00+08:00,,,0.0,0.0,,
26,2023-02-15 00:00:00+08:00,7.24,7.96,6.52,0.0527,11.43443108,1.0,1,False,False,0,0.0,0.0,0.0,0.0,False,SHSE.600000,1010,101001,10100101,SHSE,600000,浦发银行,PFYH,0.01,1,1999-11-10 00:00:00+08:00,2038-01-01 00:00:00+08:00,,,0.0,0.0,,
27,2023-02-16 00:00:00+08:00,7.2,7.92,6.48,0.064,11.43443108,1.0,1,False,False,0,0.0,0.0,0.0,0.0,False,SHSE.600000,1010,101001,10100101,SHSE,600000,浦发银行,PFYH,0.01,1,1999-11-10 00:00:00+08:00,2038-01-01 00:00:00+08:00,,,0.0,0.0,,
28,2023-02-17 00:00:00+08:00,7.19,7.91,6.47,0.0721,11.43443108,1.0,1,False,False,0,0.0,0.0,0.0,0.0,False,SHSE.600000,1010,101001,10100101,SHSE,600000,浦发银行,PFYH,0.01,1,1999-11-10 00:00:00+08:00,2038-01-01 00:00:00+08:00,,,0.0,0.0,,
29,2023-02-20 00:00:00+08:00,7.13,7.84,6.42,0.0873,11.43443108,1.0,1,False,False,0,0.0,0.0,0.0,0.0,False,SHSE.600000,1010,101001,10100101,SHSE,600000,浦发银行,PFYH,0.01,1,1999-11-10 00:00:00+08:00,2038-01-01 00:00:00+08:00,,,0.0,0.0,,
30,2023-02-21 00:00:00+08:00,7.26,7.99,6.53,0.0553,11.43443108,1.0,1,False,False,0,0.0,0.0,0.0,0.0,False,SHSE.600000,1010,101001,10100101,SHSE,600000,浦发银行,PFYH,0.01,1,1999-11-10 00:00:00+08:00,2038-01-01 00:00:00+08:00,,,0.0,0.0,,
31,2023-02-22 00:00:00+08:00,7.29,8.02,6.56,0.0442,11.43443108,1.0,1,False,False,0,0.0,0.0,0.0,0.0,False,SHSE.600000,1010,101001,10100101,SHSE,600000,浦发银行,PFYH,0.01,1,1999-11-10 00:00:00+08:00,2038-01-01 00:00:00+08:00,,,0.0,0.0,,
32,2023-02-23 00:00:00+08:00,7.24,7.96,6.52,0.039,11.43443108,1.0,1,False,False,0,0.0,0.0,0.0,0.0,False,SHSE.600000,1010,101001,10100101,SHSE,600000,浦发银行,PFYH,0.01,1,1999-11-10 00:00:00+08:00,2038-01-01 00:00:00+08:00,,,0.0,0.0,,
33,2023-02-24 00:00:00+08:00,7.23,7.95,6.51,0.0568,11.43443108,1.0,1,False,False,0,0.0,0.0,0.0,0.0,False,SHSE.600000,1010,101001,10100101,SHSE,600000,浦发银行,PFYH,0.01,1,1999-11-10 00:00:00+08:00,2038-01-01 00:00:00+08:00,,,0.0,0.0,,
34,2023-02-27 00:00:00+08:00,7.18,7.9,6.46,0.0538,11.43443108,1.0,1,False,False,0,0.0,0.0,0.0,0.0,False,SHSE.600000,1010,101001,10100101,SHSE,600000,浦发银行,PFYH,0.01,1,1999-11-10 00:00:00+08:00,2038-01-01 00:00:00+08:00,,,0.0,0.0,,
35,2023-02-28 00:00:00+08:00,7.16,7.88,6.44,0.0594,11.43443108,1.0,1,False,False,0,0.0,0.0,0.0,0.0,False,SHSE.600000,1010,101001,10100101,SHSE,600000,浦发银行,PFYH,0.01,1,1999-11-10 00:00:00+08:00,2038-01-01 00:00:00+08:00,,,0.0,0.0,,
36,2023-03-01 00:00:00+08:00,7.18,7.9,6.46,0.0874,11.43443108,1.0,1,False,False,0,0.0,0.0,0.0,0.0,False,SHSE.600000,1010,101001,10100101,SHSE,600000,浦发银行,PFYH,0.01,1,1999-11-10 00:00:00+08:00,2038-01-01 00:00:00+08:00,,,0.0,0.0,,
37,2023-03-02 00:00:00+08:00,7.26,7.99,6.53,0.0582,11.43443108,1.0,1,False,False,0,0.0,0.0,0.0,0.0,False,SHSE.600000,1010,101001,10100101,SHSE,600000,浦发银行,PFYH,0.01,1,1999-11-10 00:00:00+08:00,2038-01-01 00:00:00+08:00,,,0.0,0.0,,
38,2023-03-03 00:00:00+08:00,7.27,8.0,6.54,0.1059,11.43443108,1.0,1,False,False,0,0.0,0.0,0.0,0.0,False,SHSE.600000,1010,101001,10100101,SHSE,600000,浦发银行,PFYH,0.01,1,1999-11-10 00:00:00+08:00,2038-01-01 00:00:00+08:00,,,0.0,0.0,,
39,2023-03-06 00:00:00+08:00,7.35,8.09,6.62,0.085,11.43443108,1.0,1,False,False,0,0.0,0.0,0.0,0.0,False,SHSE.600000,1010,101001,10100101,SHSE,600000,浦发银行,PFYH,0.01,1,1999-11-10 00:00:00+08:00,2038-01-01 00:00:00+08:00,,,0.0,0.0,,
40,2023-03-07 00:00:00+08:00,7.33,8.06,6.6,0.193,11.43443108,1.0,1,False,False,0,0.0,0.0,0.0,0.0,False,SHSE.600000,1010,101001,10100101,SHSE,600000,浦发银行,PFYH,0.01,1,1999-11-10 00:00:00+08:00,2038-01-01 00:00:00+08:00,,,0.0,0.0,,
41,2023-03-08 00:00:00+08:00,7.31,8.04,6.58,0.0649,11.43443108,1.0,1,False,False,0,0.0,0.0,0.0,0.0,False,SHSE.600000,1010,101001,10100101,SHSE,600000,浦发银行,PFYH,0.01,1,1999-11-10 00:00:00+08:00,2038-01-01 00:00:00+08:00,,,0.0,0.0,,
42,2023-03-09 00:00:00+08:00,7.31,8.04,6.58,0.0647,11.43443108,1.0,1,False,False,0,0.0,0.0,0.0,0.0,False,SHSE.600000,1010,101001,10100101,SHSE,600000,浦发银行,PFYH,0.01,1,1999-11-10 00:00:00+08:00,2038-01-01 00:00:00+08:00,,,0.0,0.0,,
43,2023-03-10 00:00:00+08:00,7.27,8.0,6.54,0.0949,11.43443108,1.0,1,False,False,0,0.0,0.0,0.0,0.0,False,SHSE.600000,1010,101001,10100101,SHSE,600000,浦发银行,PFYH,0.01,1,1999-11-10 00:00:00+08:00,2038-01-01 00:00:00+08:00,,,0.0,0.0,,
44,2023-03-13 00:00:00+08:00,7.15,7.87,6.44,0.1748,11.43443108,1.0,1,False,False,0,0.0,0.0,0.0,0.0,False,SHSE.600000,1010,101001,10100101,SHSE,600000,浦发银行,PFYH,0.01,1,1999-11-10 00:00:00+08:00,2038-01-01 00:00:00+08:00,,,0.0,0.0,,
45,2023-03-14 00:00:00+08:00,7.06,7.77,6.35,0.1106,11.43443108,1.0,1,False,False,0,0.0,0.0,0.0,0.0,False,SHSE.600000,1010,101001,10100101,SHSE,600000,浦发银行,PFYH,0.01,1,1999-11-10 00:00:00+08:00,2038-01-01 00:00:00+08:00,,,0.0,0.0,,
46,2023-03-15 00:00:00+08:00,7.02,7.72,6.32,0.0854,11.43443108,1.0,1,False,False,0,0.0,0.0,0.0,0.0,False,SHSE.600000,1010,101001,10100101,SHSE,600000,浦发银行,PFYH,0.01,1,1999-11-10 00:00:00+08:00,2038-01-01 00:00:00+08:00,,,0.0,0.0,,
47,2023-03-16 00:00:00+08:00,7.08,7.79,6.37,0.0971,11.43443108,1.0,1,False,False,0,0.0,0.0,0.0,0.0,False,SHSE.600000,1010,101001,10100101,SHSE,600000,浦发银行,PFYH,0.01,1,1999-11-10 00:00:00+08:00,2038-01-01 00:00:00+08:00,,,0.0,0.0,,
48,2023-03-17 00:00:00+08:00,7.12,7.83,6.41,0.1238,11.43443108,1.0,1,False,False,0,0.0,0.0,0.0,0.0,False,SHSE.600000,1010,101001,10100101,SHSE,600000,浦发银行,PFYH,0.01,1,1999-11-10 00:00:00+08:00,2038-01-01 00:00:00+08:00,,,0.0,0.0,,
49,2023-03-20 00:00:00+08:00,7.11,7.82,6.4,0.0896,11.43443108,1.0,1,False,False,0,0.0,0.0,0.0,0.0,False,SHSE.600000,1010,101001,10100101,SHSE,600000,浦发银行,PFYH,0.01,1,1999-11-10 00:00:00+08:00,2038-01-01 00:00:00+08:00,,,0.0,0.0,,
50,2023-03-21 00:00:00+08:00,7.13,7.84,6.42,0.0647,11.43443108,1.0,1,False,False,0,0.0,0.0,0.0,0.0,False,SHSE.600000,1010,101001,10100101,SHSE,600000,浦发银行,PFYH,0.01,1,1999-11-10 00:00:00+08:00,2038-01-01 00:00:00+08:00,,,0.0,0.0,,
51,2023-03-22 00:00:00+08:00,7.13,7.84,6.42,0.0579,11.43443108,1.0,1,False,False,0,0.0,0.0,0.0,0.0,False,SHSE.600000,1010,101001,10100101,SHSE,600000,浦发银行,PFYH,0.01,1,1999-11-10 00:00:00+08:00,2038-01-01 00:00:00+08:00,,,0.0,0.0,,
52,2023-03-23 00:00:00+08:00,7.18,7.9,6.46,0.0733,11.43443108,1.0,1,False,False,0,0.0,0.0,0.0,0.0,False,SHSE.600000,1010,101001,10100101,SHSE,600000,浦发银行,PFYH,0.01,1,1999-11-10 00:00:00+08:00,2038-01-01 00:00:00+08:00,,,0.0,0.0,,
53,2023-03-24 00:00:00+08:00,7.21,7.93,6.49,0.0875,11.43443108,1.0,1,False,False,0,0.0,0.0,0.0,0.0,False,SHSE.600000,1010,101001,10100101,SHSE,600000,浦发银行,PFYH,0.01,1,1999-11-10 00:00:00+08:00,2038-01-01 00:00:00+08:00,,,0.0,0.0,,
54,2023-03-27 00:00:00+08:00,7.21,7.93,6.49,0.0652,11.43443108,1.0,1,False,False,0,0.0,0.0,0.0,0.0,False,SHSE.600000,1010,101001,10100101,SHSE,600000,浦发银行,PFYH,0.01,1,1999-11-10 00:00:00+08:00,2038-01-01 00:00:00+08:00,,,0.0,0.0,,
55,2023-03-28 00:00:00+08:00,7.15,7.87,6.44,0.0567,11.43443108,1.0,1,False,False,0,0.0,0.0,0.0,0.0,False,SHSE.600000,1010,101001,10100101,SHSE,600000,浦发银行,PFYH,0.01,1,1999-11-10 00:00:00+08:00,2038-01-01 00:00:00+08:00,,,0.0,0.0,,
56,2023-03-29 00:00:00+08:00,7.18,7.9,6.46,0.0432,11.43443108,1.0,1,False,False,0,0.0,0.0,0.0,0.0,False,SHSE.600000,1010,101001,10100101,SHSE,600000,浦发银行,PFYH,0.01,1,1999-11-10 00:00:00+08:00,2038-01-01 00:00:00+08:00,,,0.0,0.0,,
57,2023-03-30 00:00:00+08:00,7.16,7.88,6.44,0.0767,11.43443108,1.0,1,False,False,0,0.0,0.0,0.0,0.0,False,SHSE.600000,1010,101001,10100101,SHSE,600000,浦发银行,PFYH,0.01,1,1999-11-10 00:00:00+08:00,2038-01-01 00:00:00+08:00,,,0.0,0.0,,
58,2023-03-31 00:00:00+08:00,7.19,7.91,6.47,0.0683,11.43443108,1.0,1,False,False,0,0.0,0.0,0.0,0.0,False,SHSE.600000,1010,101001,10100101,SHSE,600000,浦发银行,PFYH,0.01,1,1999-11-10 00:00:00+08:00,2038-01-01 00:00:00+08:00,,,0.0,0.0,,
59,2023-04-03 00:00:00+08:00,7.19,7.91,6.47,0.069,11.43443108,1.0,1,False,False,0,0.0,0.0,0.0,0.0,False,SHSE.600000,1010,101001,10100101,SHSE,600000,浦发银行,PFYH,0.01,1,1999-11-10 00:00:00+08:00,2038-01-01 00:00:00+08:00,,,0.0,0.0,,
60,2023-04-04 00:00:00+08:00,7.19,7.91,6.47,0.0876,11.43443108,1.0,1,False,False,0,0.0,0.0,0.0,0.0,False,SHSE.600000,1010,101001,10100101,SHSE,600000,浦发银行,PFYH,0.01,1,1999-11-10 00:00:00+08:00,2038-01-01 00:00:00+08:00,,,0.0,0.0,,
61,2023-04-06 00:00:00+08:00,7.21,7.93,6.49,0.0502,11.43443108,1.0,1,False,False,0,0.0,0.0,0.0,0.0,False,SHSE.600000,1010,101001,10100101,SHSE,600000,浦发银行,PFYH,0.01,1,1999-11-10 00:00:00+08:00,2038-01-01 00:00:00+08:00,,,0.0,0.0,,
62,2023-04-07 00:00:00+08:00,7.18,7.9,6.46,0.0595,11.43443108,1.0,1,False,False,0,0.0,0.0,0.0,0.0,False,SHSE.600000,1010,101001,10100101,SHSE,600000,浦发银行,PFYH,0.01,1,1999-11-10 00:00:00+08:00,2038-01-01 00:00:00+08:00,,,0.0,0.0,,
63,2023-04-10 00:00:00+08:00,7.23,7.95,6.51,0.0598,11.43443108,1.0,1,False,False,0,0.0,0.0,0.0,0.0,False,SHSE.600000,1010,101001,10100101,SHSE,600000,浦发银行,PFYH,0.01,1,1999-11-10 00:00:00+08:00,2038-01-01 00:00:00+08:00,,,0.0,0.0,,
64,2023-04-11 00:00:00+08:00,7.21,7.93,6.49,0.0688,11.43443108,1.0,1,False,False,0,0.0,0.0,0.0,0.0,False,SHSE.600000,1010,101001,10100101,SHSE,600000,浦发银行,PFYH,0.01,1,1999-11-10 00:00:00+08:00,2038-01-01 00:00:00+08:00,,,0.0,0.0,,
65,2023-04-12 00:00:00+08:00,7.18,7.9,6.46,0.0664,11.43443108,1.0,1,False,False,0,0.0,0.0,0.0,0.0,False,SHSE.600000,1010,101001,10100101,SHSE,600000,浦发银行,PFYH,0.01,1,1999-11-10 00:00:00+08:00,2038-01-01 00:00:00+08:00,,,0.0,0.0,,
66,2023-04-13 00:00:00+08:00,7.21,7.93,6.49,0.0878,11.43443108,1.0,1,False,False,0,0.0,0.0,0.0,0.0,False,SHSE.600000,1010,101001,10100101,SHSE,600000,浦发银行,PFYH,0.01,1,1999-11-10 00:00:00+08:00,2038-01-01 00:00:00+08:00,,,0.0,0.0,,
67,2023-04-14 00:00:00+08:00,7.25,7.98,6.53,0.0854,11.43443108,1.0,1,False,False,0,0.0,0.0,0.0,0.0,False,SHSE.600000,1010,101001,10100101,SHSE,600000,浦发银行,PFYH,0.01,1,1999-11-10 00:00:00+08:00,2038-01-01 00:00:00+08:00,,,0.0,0.0,,
68,2023-04-17 00:00:00+08:00,7.27,8.0,6.54,0.1227,11.43443108,1.0,1,False,False,0,0.0,0.0,0.0,0.0,False,SHSE.600000,1010,101001,10100101,SHSE,600000,浦发银行,PFYH,0.01,1,1999-11-10 00:00:00+08:00,2038-01-01 00:00:00+08:00,,,0.0,0.0,,
69,2023-04-18 00:00:00+08:00,7.39,8.13,6.65,0.2637,11.43443108,1.0,1,False,False,0,0.0,0.0,0.0,0.0,False,SHSE.600000,1010,101001,10100101,SHSE,600000,浦发银行,PFYH,0.01,1,1999-11-10 00:00:00+08:00,2038-01-01 00:00:00+08:00,,,0.0,0.0,,
70,2023-04-19 00:00:00+08:00,7.54,8.29,6.79,0.1781,11.43443108,1.0,1,False,False,0,0.0,0.0,0.0,0.0,False,SHSE.600000,1010,101001,10100101,SHSE,600000,浦发银行,PFYH,0.01,1,1999-11-10 00:00:00+08:00,2038-01-01 00:00:00+08:00,,,0.0,0.0,,
71,2023-04-20 00:00:00+08:00,7.53,8.28,6.78,0.2465,11.43443108,1.0,1,False,False,0,0.0,0.0,0.0,0.0,False,SHSE.600000,1010,101001,10100101,SHSE,600000,浦发银行,PFYH,0.01,1,1999-11-10 00:00:00+08:00,2038-01-01 00:00:00+08:00,,,0.0,0.0,,
72,2023-04-21 00:00:00+08:00,7.68,8.45,6.91,0.1712,11.43443108,1.0,1,False,False,0,0.0,0.0,0.0,0.0,False,SHSE.600000,1010,101001,10100101,SHSE,600000,浦发银行,PFYH,0.01,1,1999-11-10 00:00:00+08:00,2038-01-01 00:00:00+08:00,,,0.0,0.0,,
73,2023-04-24 00:00:00+08:00,7.59,8.35,6.83,0.1477,11.43443108,1.0,1,False,False,0,0.0,0.0,0.0,0.0,False,SHSE.600000,1010,101001,10100101,SHSE,600000,浦发银行,PFYH,0.01,1,1999-11-10 00:00:00+08:00,2038-01-01 00:00:00+08:00,,,0.0,0.0,,
74,2023-04-25 00:00:00+08:00,7.49,8.24,6.74,0.1458,11.43443108,1.0,1,False,False,0,0.0,0.0,0.0,0.0,False,SHSE.600000,1010,101001,10100101,SHSE,600000,浦发银行,PFYH,0.01,1,1999-11-10 00:00:00+08:00,2038-01-01 00:00:00+08:00,,,0.0,0.0,,
75,2023-04-26 00:00:00+08:00,7.56,8.32,6.8,0.1735,11.43443108,1.0,1,False,False,0,0.0,0.0,0.0,0.0,False,SHSE.600000,1010,101001,10100101,SHSE,600000,浦发银行,PFYH,0.01,1,1999-11-10 00:00:00+08:00,2038-01-01 00:00:00+08:00,,,0.0,0.0,,
76,2023-04-27 00:00:00+08:00,7.46,8.21,6.71,0.1679,11.43443108,1.0,1,False,False,0,0.0,0.0,0.0,0.0,False,SHSE.600000,1010,101001,10100101,SHSE,600000,浦发银行,PFYH,0.01,1,1999-11-10 00:00:00+08:00,2038-01-01 00:00:00+08:00,,,0.0,0.0,,
77,2023-04-28 00:00:00+08:00,7.48,8.23,6.73,0.1323,11.43443108,1.0,1,False,False,0,0.0,0.0,0.0,0.0,False,SHSE.600000,1010,101001,10100101,SHSE,600000,浦发银行,PFYH,0.01,1,1999-11-10 00:00:00+08:00,2038-01-01 00:00:00+08:00,,,0.0,0.0,,
78,2023-05-04 00:00:00+08:00,7.6,8.36,6.84,0.2585,11.43443108,1.0,1,False,False,0,0.0,0.0,0.0,0.0,False,SHSE.600000,1010,101001,10100101,SHSE,600000,浦发银行,PFYH,0.01,1,1999-11-10 00:00:00+08:00,2038-01-01 00:00:00+08:00,,,0.0,0.0,,
79,2023-05-05 00:00:00+08:00,7.68,8.45,6.91,0.2316,11.43443108,1.0,1,False,False,0,0.0,0.0,0.0,0.0,False,SHSE.600000,1010,101001,10100101,SHSE,600000,浦发银行,PFYH,0.01,1,1999-11-10 00:00:00+08:00,2038-01-01 00:00:00+08:00,,,0.0,0.0,,
80,2023-05-08 00:00:00+08:00,7.76,8.54,6.98,0.4876,11.43443108,1.0,1,False,False,0,0.0,0.0,0.0,0.0,False,SHSE.600000,1010,101001,10100101,SHSE,600000,浦发银行,PFYH,0.01,1,1999-11-10 00:00:00+08:00,2038-01-01 00:00:00+08:00,,,0.0,0.0,,
81,2023-05-09 00:00:00+08:00,8.07,8.88,7.26,0.4158,11.43443108,1.0,1,False,False,0,0.0,0.0,0.0,0.0,False,SHSE.600000,1010,101001,10100101,SHSE,600000,浦发银行,PFYH,0.01,1,1999-11-10 00:00:00+08:00,2038-01-01 00:00:00+08:00,,,0.0,0.0,,
82,2023-05-10 00:00:00+08:00,7.96,8.76,7.16,0.2976,11.43443108,1.0,1,False,False,0,0.0,0.0,0.0,0.0,False,SHSE.600000,1010,101001,10100101,SHSE,600000,浦发银行,PFYH,0.01,1,1999-11-10 00:00:00+08:00,2038-01-01 00:00:00+08:00,,,0.0,0.0,,
83,2023-05-11 00:00:00+08:00,7.7,8.47,6.93,0.147,11.43443108,1.0,1,False,False,0,0.0,0.0,0.0,0.0,False,SHSE.600000,1010,101001,10100101,SHSE,600000,浦发银行,PFYH,0.01,1,1999-11-10 00:00:00+08:00,2038-01-01 00:00:00+08:00,,,0.0,0.0,,
84,2023-05-12 00:00:00+08:00,7.67,8.44,6.9,0.1874,11.43443108,1.0,1,False,False,0,0.0,0.0,0.0,0.0,False,SHSE.600000,1010,101001,10100101,SHSE,600000,浦发银行,PFYH,0.01,1,1999-11-10 00:00:00+08:00,2038-01-01 00:00:00+08:00,,,0.0,0.0,,
85,2023-05-15 00:00:00+08:00,7.62,8.38,6.86,0.1675,11.43443108,1.0,1,False,False,0,0.0,0.0,0.0,0.0,False,SHSE.600000,1010,101001,10100101,SHSE,600000,浦发银行,PFYH,0.01,1,1999-11-10 00:00:00+08:00,2038-01-01 00:00:00+08:00,,,0.0,0.0,,
86,2023-05-16 00:00:00+08:00,7.69,8.46,6.92,0.141,11.43443108,1.0,1,False,False,0,0.0,0.0,0.0,0.0,False,SHSE.600000,1010,101001,10100101,SHSE,600000,浦发银行,PFYH,0.01,1,1999-11-10 00:00:00+08:00,2038-01-01 00:00:00+08:00,,,0.0,0.0,,
87,2023-05-17 00:00:00+08:00,7.67,8.44,6.9,0.1003,11.43443108,1.0,1,False,False,0,0.0,0.0,0.0,0.0,False,SHSE.600000,1010,101001,10100101,SHSE,600000,浦发银行,PFYH,0.01,1,1999-11-10 00:00:00+08:00,2038-01-01 00:00:00+08:00,,,0.0,0.0,,
88,2023-05-18 00:00:00+08:00,7.61,8.37,6.85,0.1319,11.43443108,1.0,1,False,False,0,0.0,0.0,0.0,0.0,False,SHSE.600000,1010,101001,10100101,SHSE,600000,浦发银行,PFYH,0.01,1,1999-11-10 00:00:00+08:00,2038-01-01 00:00:00+08:00,,,0.0,0.0,,
89,2023-05-19 00:00:00+08:00,7.68,8.45,6.91,0.1195,11.43443108,1.0,1,False,False,0,0.0,0.0,0.0,0.0,False,SHSE.600000,1010,101001,10100101,SHSE,600000,浦发银行,PFYH,0.01,1,1999-11-10 00:00:00+08:00,2038-01-01 00:00:00+08:00,,,0.0,0.0,,
90,2023-05-22 00:00:00+08:00,7.54,8.29,6.79,0.0721,11.43443108,1.0,1,False,False,0,0.0,0.0,0.0,0.0,False,SHSE.600000,1010,101001,10100101,SHSE,600000,浦发银行,PFYH,0.01,1,1999-11-10 00:00:00+08:00,2038-01-01 00:00:00+08:00,,,0.0,0.0,,
91,2023-05-23 00:00:00+08:00,7.54,8.29,6.79,0.0995,11.43443108,1.0,1,False,False,0,0.0,0.0,0.0,0.0,False,SHSE.600000,1010,101001,10100101,SHSE,600000,浦发银行,PFYH,0.01,1,1999-11-10 00:00:00+08:00,2038-01-01 00:00:00+08:00,,,0.0,0.0,,
92,2023-05-24 00:00:00+08:00,7.45,8.2,6.71,0.1538,11.43443108,1.0,1,False,False,0,0.0,0.0,0.0,0.0,False,SHSE.600000,1010,101001,10100101,SHSE,600000,浦发银行,PFYH,0.01,1,1999-11-10 00:00:00+08:00,2038-01-01 00:00:00+08:00,,,0.0,0.0,,
93,2023-05-25 00:00:00+08:00,7.29,8.02,6.56,0.1172,11.43443108,1.0,1,False,False,0,0.0,0.0,0.0,0.0,False,SHSE.600000,1010,101001,10100101,SHSE,600000,浦发银行,PFYH,0.01,1,1999-11-10 00:00:00+08:00,2038-01-01 00:00:00+08:00,,,0.0,0.0,,
94,2023-05-26 00:00:00+08:00,7.31,8.04,6.58,0.0644,11.43443108,1.0,1,False,False,0,0.0,0.0,0.0,0.0,False,SHSE.600000,1010,101001,10100101,SHSE,600000,浦发银行,PFYH,0.01,1,1999-11-10 00:00:00+08:00,2038-01-01 00:00:00+08:00,,,0.0,0.0,,
95,2023-05-29 00:00:00+08:00,7.32,8.05,6.59,0.1009,11.43443108,1.0,1,False,False,0,0.0,0.0,0.0,0.0,False,SHSE.600000,1010,101001,10100101,SHSE,600000,浦发银行,PFYH,0.01,1,1999-11-10 00:00:00+08:00,2038-01-01 00:00:00+08:00,,,0.0,0.0,,
96,2023-05-30 00:00:00+08:00,7.41,8.15,6.67,0.0918,11.43443108,1.0,1,False,False,0,0.0,0.0,0.0,0.0,False,SHSE.600000,1010,101001,10100101,SHSE,600000,浦发银行,PFYH,0.01,1,1999-11-10 00:00:00+08:00,2038-01-01 00:00:00+08:00,,,0.0,0.0,,
97,2023-05-31 00:00:00+08:00,7.37,8.11,6.63,0.0905,11.43443108,1.0,1,False,False,0,0.0,0.0,0.0,0.0,False,SHSE.600000,1010,101001,10100101,SHSE,600000,浦发银行,PFYH,0.01,1,1999-11-10 00:00:00+08:00,2038-01-01 00:00:00+08:00,,,0.0,0.0,,
98,2023-06-01 00:00:00+08:00,7.35,8.09,6.62,0.1043,11.43443108,1.0,1,False,False,0,0.0,0.0,0.0,0.0,False,SHSE.600000,1010,101001,10100101,SHSE,600000,浦发银行,PFYH,0.01,1,1999-11-10 00:00:00+08:00,2038-01-01 00:00:00+08:00,,,0.0,0.0,,
99,2023-06-02 00:00:00+08:00,7.28,8.01,6.55,0.0705,11.43443108,1.0,1,False,False,0,0.0,0.0,0.0,0.0,False,SHSE.600000,1010,101001,10100101,SHSE,600000,浦发银行,PFYH,0.01,1,1999-11-10 00:00:00+08:00,2038-01-01 00:00:00+08:00,,,0.0,0.0,,
100,2023-06-05 00:00:00+08:00,7.35,8.09,6.62,0.0725,11.43443108,1.0,1,False,False,0,0.0,0.0,0.0,0.0,False,SHSE.600000,1010,101001,10100101,SHSE,600000,浦发银行,PFYH,0.01,1,1999-11-10 00:00:00+08:00,2038-01-01 00:00:00+08:00,,,0.0,0.0,,
101,2023-06-06 00:00:00+08:00,7.41,8.15,6.67,0.1149,11.43443108,1.0,1,False,False,0,0.0,0.0,0.0,0.0,False,SHSE.600000,1010,101001,10100101,SHSE,600000,浦发银行,PFYH,0.01,1,1999-11-10 00:00:00+08:00,2038-01-01 00:00:00+08:00,,,0.0,0.0,,
102,2023-06-07 00:00:00+08:00,7.38,8.12,6.64,0.0736,11.43443108,1.0,1,False,False,0,0.0,0.0,0.0,0.0,False,SHSE.600000,1010,101001,10100101,SHSE,600000,浦发银行,PFYH,0.01,1,1999-11-10 00:00:00+08:00,2038-01-01 00:00:00+08:00,,,0.0,0.0,,
103,2023-06-08 00:00:00+08:00,7.46,8.21,6.71,0.0941,11.43443108,1.0,1,False,False,0,0.0,0.0,0.0,0.0,False,SHSE.600000,1010,101001,10100101,SHSE,600000,浦发银行,PFYH,0.01,1,1999-11-10 00:00:00+08:00,2038-01-01 00:00:00+08:00,,,0.0,0.0,,
104,2023-06-09 00:00:00+08:00,7.57,8.33,6.81,0.0759,11.43443108,1.0,1,False,False,0,0.0,0.0,0.0,0.0,False,SHSE.600000,1010,101001,10100101,SHSE,600000,浦发银行,PFYH,0.01,1,1999-11-10 00:00:00+08:00,2038-01-01 00:00:00+08:00,,,0.0,0.0,,
105,2023-06-12 00:00:00+08:00,7.56,8.32,6.8,0.0692,11.43443108,1.0,1,False,False,0,0.0,0.0,0.0,0.0,False,SHSE.600000,1010,101001,10100101,SHSE,600000,浦发银行,PFYH,0.01,1,1999-11-10 00:00:00+08:00,2038-01-01 00:00:00+08:00,,,0.0,0.0,,
106,2023-06-13 00:00:00+08:00,7.43,8.17,6.69,0.0536,11.43443108,1.0,1,False,False,0,0.0,0.0,0.0,0.0,False,SHSE.600000,1010,101001,10100101,SHSE,600000,浦发银行,PFYH,0.01,1,1999-11-10 00:00:00+08:00,2038-01-01 00:00:00+08:00,,,0.0,0.0,,
107,2023-06-14 00:00:00+08:00,7.46,8.21,6.71,0.0613,11.43443108,1.0,1,False,False,0,0.0,0.0,0.0,0.0,False,SHSE.600000,1010,101001,10100101,SHSE,600000,浦发银行,PFYH,0.01,1,1999-11-10 00:00:00+08:00,2038-01-01 00:00:00+08:00,,,0.0,0.0,,
108,2023-06-15 00:00:00+08:00,7.4,8.14,6.66,0.0713,11.43443108,1.0,1,False,False,0,0.0,0.0,0.0,0.0,False,SHSE.600000,1010,101001,10100101,SHSE,600000,浦发银行,PFYH,0.01,1,1999-11-10 00:00:00+08:00,2038-01-01 00:00:00+08:00,,,0.0,0.0,,
109,2023-06-16 00:00:00+08:00,7.45,8.2,6.71,0.0917,11.43443108,1.0,1,False,False,0,0.0,0.0,0.0,0.0,False,SHSE.600000,1010,101001,10100101,SHSE,600000,浦发银行,PFYH,0.01,1,1999-11-10 00:00:00+08:00,2038-01-01 00:00:00+08:00,,,0.0,0.0,,
110,2023-06-19 00:00:00+08:00,7.43,8.17,6.69,0.0592,11.43443108,1.0,1,False,False,0,0.0,0.0,0.0,0.0,False,SHSE.600000,1010,101001,10100101,SHSE,600000,浦发银行,PFYH,0.01,1,1999-11-10 00:00:00+08:00,2038-01-01 00:00:00+08:00,,,0.0,0.0,,
111,2023-06-20 00:00:00+08:00,7.34,8.07,6.61,0.0696,11.43443108,1.0,1,False,False,0,0.0,0.0,0.0,0.0,False,SHSE.600000,1010,101001,10100101,SHSE,600000,浦发银行,PFYH,0.01,1,1999-11-10 00:00:00+08:00,2038-01-01 00:00:00+08:00,,,0.0,0.0,,
112,2023-06-21 00:00:00+08:00,7.29,8.02,6.56,0.0686,11.43443108,1.0,1,False,False,0,0.0,0.0,0.0,0.0,False,SHSE.600000,1010,101001,10100101,SHSE,600000,浦发银行,PFYH,0.01,1,1999-11-10 00:00:00+08:00,2038-01-01 00:00:00+08:00,,,0.0,0.0,,
113,2023-06-26 00:00:00+08:00,7.27,8.0,6.54,0.1159,11.43443108,1.0,1,False,False,0,0.0,0.0,0.0,0.0,False,SHSE.600000,1010,101001,10100101,SHSE,600000,浦发银行,PFYH,0.01,1,1999-11-10 00:00:00+08:00,2038-01-01 00:00:00+08:00,,,0.0,0.0,,
114,2023-06-27 00:00:00+08:00,7.16,7.88,6.44,0.0627,11.43443108,1.0,1,False,False,0,0.0,0.0,0.0,0.0,False,SHSE.600000,1010,101001,10100101,SHSE,600000,浦发银行,PFYH,0.01,1,1999-11-10 00:00:00+08:00,2038-01-01 00:00:00+08:00,,,0.0,0.0,,
115,2023-06-28 00:00:00+08:00,7.19,7.91,6.47,0.0539,11.43443108,1.0,1,False,False,0,0.0,0.0,0.0,0.0,False,SHSE.600000,1010,101001,10100101,SHSE,600000,浦发银行,PFYH,0.01,1,1999-11-10 00:00:00+08:00,2038-01-01 00:00:00+08:00,,,0.0,0.0,,
116,2023-06-29 00:00:00+08:00,7.21,7.93,6.49,0.0737,11.43443108,1.0,1,False,False,0,0.0,0.0,0.0,0.0,False,SHSE.600000,1010,101001,10100101,SHSE,600000,浦发银行,PFYH,0.01,1,1999-11-10 00:00:00+08:00,2038-01-01 00:00:00+08:00,,,0.0,0.0,,
117,2023-06-30 00:00:00+08:00,7.18,7.9,6.46,0.0662,11.43443108,1.0,1,False,False,0,0.0,0.0,0.0,0.0,False,SHSE.600000,1010,101001,10100101,SHSE,600000,浦发银行,PFYH,0.01,1,1999-11-10 00:00:00+08:00,2038-01-01 00:00:00+08:00,,,0.0,0.0,,
118,2023-07-03 00:00:00+08:00,7.24,7.96,6.52,0.0711,11.43443108,1.0,1,False,False,0,0.0,0.0,0.0,0.0,False,SHSE.600000,1010,101001,10100101,SHSE,600000,浦发银行,PFYH,0.01,1,1999-11-10 00:00:00+08:00,2038-01-01 00:00:00+08:00,,,0.0,0.0,,
119,2023-07-04 00:00:00+08:00,7.32,8.05,6.59,0.0594,11.43443108,1.0,1,False,False,0,0.0,0.0,0.0,0.0,False,SHSE.600000,1010,101001,10100101,SHSE,600000,浦发银行,PFYH,0.01,1,1999-11-10 00:00:00+08:00,2038-01-01 00:00:00+08:00,,,0.0,0.0,,
120,2023-07-05 00:00:00+08:00,7.28,8.01,6.55,0.0388,11.43443108,1.0,1,False,False,0,0.0,0.0,0.0,0.0,False,SHSE.600000,1010,101001,10100101,SHSE,600000,浦发银行,PFYH,0.01,1,1999-11-10 00:00:00+08:00,2038-01-01 00:00:00+08:00,,,0.0,0.0,,
121,2023-07-06 00:00:00+08:00,7.25,7.98,6.53,0.0505,11.43443108,1.0,1,False,False,0,0.0,0.0,0.0,0.0,False,SHSE.600000,1010,101001,10100101,SHSE,600000,浦发银行,PFYH,0.01,1,1999-11-10 00:00:00+08:00,2038-01-01 00:00:00+08:00,,,0.0,0.0,,
122,2023-07-07 00:00:00+08:00,7.21,7.93,6.49,0.0502,11.43443108,1.0,1,False,False,0,0.0,0.0,0.0,0.0,False,SHSE.600000,1010,101001,10100101,SHSE,600000,浦发银行,PFYH,0.01,1,1999-11-10 00:00:00+08:00,2038-01-01 00:00:00+08:00,,,0.0,0.0,,
123,2023-07-10 00:00:00+08:00,7.22,7.94,6.5,0.0389,11.43443108,1.0,1,False,False,0,0.0,0.0,0.0,0.0,False,SHSE.600000,1010,101001,10100101,SHSE,600000,浦发银行,PFYH,0.01,1,1999-11-10 00:00:00+08:00,2038-01-01 00:00:00+08:00,,,0.0,0.0,,
124,2023-07-11 00:00:00+08:00,7.22,7.94,6.5,0.0479,11.43443108,1.0,1,False,False,0,0.0,0.0,0.0,0.0,False,SHSE.600000,1010,101001,10100101,SHSE,600000,浦发银行,PFYH,0.01,1,1999-11-10 00:00:00+08:00,2038-01-01 00:00:00+08:00,,,0.0,0.0,,
125,2023-07-12 00:00:00+08:00,7.28,8.01,6.55,0.0491,11.43443108,1.0,1,False,False,0,0.0,0.0,0.0,0.0,False,SHSE.600000,1010,101001,10100101,SHSE,600000,浦发银行,PFYH,0.01,1,1999-11-10 00:00:00+08:00,2038-01-01 00:00:00+08:00,,,0.0,0.0,,
126,2023-07-13 00:00:00+08:00,7.25,7.98,6.53,0.0917,11.43443108,1.0,1,False,False,0,0.0,0.0,0.0,0.0,False,SHSE.600000,1010,101001,10100101,SHSE,600000,浦发银行,PFYH,0.01,1,1999-11-10 00:00:00+08:00,2038-01-01 00:00:00+08:00,,,0.0,0.0,,
127,2023-07-14 00:00:00+08:00,7.4,8.14,6.66,0.0667,11.43443108,1.0,1,False,False,0,0.0,0.0,0.0,0.0,False,SHSE.600000,1010,101001,10100101,SHSE,600000,浦发银行,PFYH,0.01,1,1999-11-10 00:00:00+08:00,2038-01-01 00:00:00+08:00,,,0.0,0.0,,
128,2023-07-17 00:00:00+08:00,7.44,8.18,6.7,0.0477,11.43443108,1.0,1,False,False,0,0.0,0.0,0.0,0.0,False,SHSE.600000,1010,101001,10100101,SHSE,600000,浦发银行,PFYH,0.01,1,1999-11-10 00:00:00+08:00,2038-01-01 00:00:00+08:00,,,0.0,0.0,,
129,2023-07-18 00:00:00+08:00,7.42,8.16,6.68,0.041,11.43443108,1.0,1,False,False,0,0.0,0.0,0.0,0.0,False,SHSE.600000,1010,101001,10100101,SHSE,600000,浦发银行,PFYH,0.01,1,1999-11-10 00:00:00+08:00,2038-01-01 00:00:00+08:00,,,0.0,0.0,,
130,2023-07-19 00:00:00+08:00,7.39,8.13,6.65,0.062,11.43443108,1.0,1,False,False,0,0.0,0.0,0.0,0.0,False,SHSE.600000,1010,101001,10100101,SHSE,600000,浦发银行,PFYH,0.01,1,1999-11-10 00:00:00+08:00,2038-01-01 00:00:00+08:00,,,0.0,0.0,,
131,2023-07-20 00:00:00+08:00,7.41,8.15,6.67,0.0909,11.43443108,1.0,1,False,False,0,0.0,0.0,0.0,0.0,False,SHSE.600000,1010,101001,10100101,SHSE,600000,浦发银行,PFYH,0.01,1,1999-11-10 00:00:00+08:00,2038-01-01 00:00:00+08:00,,,0.0,0.0,,
132,2023-07-21 00:00:00+08:00,7.1,7.81,6.39,0.0942,11.94978557,1.0,1,False,False,0,0.0,0.0,0.0,0.0,False,SHSE.600000,1010,101001,10100101,SHSE,600000,浦发银行,PFYH,0.01,1,1999-11-10 00:00:00+08:00,2038-01-01 00:00:00+08:00,,,0.0,0.0,,
133,2023-07-24 00:00:00+08:00,7.12,7.83,6.41,0.088,11.94978557,1.0,1,False,False,0,0.0,0.0,0.0,0.0,False,SHSE.600000,1010,101001,10100101,SHSE,600000,浦发银行,PFYH,0.01,1,1999-11-10 00:00:00+08:00,2038-01-01 00:00:00+08:00,,,0.0,0.0,,
134,2023-07-25 00:00:00+08:00,7.13,7.84,6.42,0.1071,11.94978557,1.0,1,False,False,0,0.0,0.0,0.0,0.0,False,SHSE.600000,1010,101001,10100101,SHSE,600000,浦发银行,PFYH,0.01,1,1999-11-10 00:00:00+08:00,2038-01-01 00:00:00+08:00,,,0.0,0.0,,
135,2023-07-26 00:00:00+08:00,7.27,8.0,6.54,0.0777,11.94978557,1.0,1,False,False,0,0.0,0.0,0.0,0.0,False,SHSE.600000,1010,101001,10100101,SHSE,600000,浦发银行,PFYH,0.01,1,1999-11-10 00:00:00+08:00,2038-01-01 00:00:00+08:00,,,0.0,0.0,,
136,2023-07-27 00:00:00+08:00,7.29,8.02,6.56,0.0893,11.94978557,1.0,1,False,False,0,0.0,0.0,0.0,0.0,False,SHSE.600000,1010,101001,10100101,SHSE,600000,浦发银行,PFYH,0.01,1,1999-11-10 00:00:00+08:00,2038-01-01 00:00:00+08:00,,,0.0,0.0,,
137,2023-07-28 00:00:00+08:00,7.37,8.11,6.63,0.1585,11.94978557,1.0,1,False,False,0,0.0,0.0,0.0,0.0,False,SHSE.600000,1010,101001,10100101,SHSE,600000,浦发银行,PFYH,0.01,1,1999-11-10 00:00:00+08:00,2038-01-01 00:00:00+08:00,,,0.0,0.0,,
138,2023-07-31 00:00:00+08:00,7.5,8.25,6.75,0.1799,11.94978557,1.0,1,False,False,0,0.0,0.0,0.0,0.0,False,SHSE.600000,1010,101001,10100101,SHSE,600000,浦发银行,PFYH,0.01,1,1999-11-10 00:00:00+08:00,2038-01-01 00:00:00+08:00,,,0.0,0.0,,
139,2023-08-01 00:00:00+08:00,7.6,8.36,6.84,0.1054,11.94978557,1.0,1,False,False,0,0.0,0.0,0.0,0.0,False,SHSE.600000,1010,101001,10100101,SHSE,600000,浦发银行,PFYH,0.01,1,1999-11-10 00:00:00+08:00,2038-01-01 00:00:00+08:00,,,0.0,0.0,,
140,2023-08-02 00:00:00+08:00,7.6,8.36,6.84,0.1453,11.94978557,1.0,1,False,False,0,0.0,0.0,0.0,0.0,False,SHSE.600000,1010,101001,10100101,SHSE,600000,浦发银行,PFYH,0.01,1,1999-11-10 00:00:00+08:00,2038-01-01 00:00:00+08:00,,,0.0,0.0,,
141,2023-08-03 00:00:00+08:00,7.48,8.23,6.73,0.0999,11.94978557,1.0,1,False,False,0,0.0,0.0,0.0,0.0,False,SHSE.600000,1010,101001,10100101,SHSE,600000,浦发银行,PFYH,0.01,1,1999-11-10 00:00:00+08:00,2038-01-01 00:00:00+08:00,,,0.0,0.0,,
142,2023-08-04 00:00:00+08:00,7.56,8.32,6.8,0.1167,11.94978557,1.0,1,False,False,0,0.0,0.0,0.0,0.0,False,SHSE.600000,1010,101001,10100101,SHSE,600000,浦发银行,PFYH,0.01,1,1999-11-10 00:00:00+08:00,2038-01-01 00:00:00+08:00,,,0.0,0.0,,
143,2023-08-07 00:00:00+08:00,7.58,8.34,6.82,0.0886,11.94978557,1.0,1,False,False,0,0.0,0.0,0.0,0.0,False,SHSE.600000,1010,101001,10100101,SHSE,600000,浦发银行,PFYH,0.01,1,1999-11-10 00:00:00+08:00,2038-01-01 00:00:00+08:00,,,0.0,0.0,,
144,2023-08-08 00:00:00+08:00,7.52,8.27,6.77,0.092,11.94978557,1.0,1,False,False,0,0.0,0.0,0.0,0.0,False,SHSE.600000,1010,101001,10100101,SHSE,600000,浦发银行,PFYH,0.01,1,1999-11-10 00:00:00+08:00,2038-01-01 00:00:00+08:00,,,0.0,0.0,,
145,2023-08-09 00:00:00+08:00,7.52,8.27,6.77,0.0606,11.94978557,1.0,1,False,False,0,0.0,0.0,0.0,0.0,False,SHSE.600000,1010,101001,10100101,SHSE,600000,浦发银行,PFYH,0.01,1,1999-11-10 00:00:00+08:00,2038-01-01 00:00:00+08:00,,,0.0,0.0,,
146,2023-08-10 00:00:00+08:00,7.55,8.31,6.8,0.1801,11.94978557,1.0,1,False,False,0,0.0,0.0,0.0,0.0,False,SHSE.600000,1010,101001,10100101,SHSE,600000,浦发银行,PFYH,0.01,1,1999-11-10 00:00:00+08:00,2038-01-01 00:00:00+08:00,,,0.0,0.0,,
147,2023-08-11 00:00:00+08:00,7.42,8.16,6.68,0.1262,11.94978557,1.0,1,False,False,0,0.0,0.0,0.0,0.0,False,SHSE.600000,1010,101001,10100101,SHSE,600000,浦发银行,PFYH,0.01,1,1999-11-10 00:00:00+08:00,2038-01-01 00:00:00+08:00,,,0.0,0.0,,
148,2023-08-14 00:00:00+08:00,7.23,7.95,6.51,0.1507,11.94978557,1.0,1,False,False,0,0.0,0.0,0.0,0.0,False,SHSE.600000,1010,101001,10100101,SHSE,600000,浦发银行,PFYH,0.01,1,1999-11-10 00:00:00+08:00,2038-01-01 00:00:00+08:00,,,0.0,0.0,,
149,2023-08-15 00:00:00+08:00,7.1,7.81,6.39,0.1064,11.94978557,1.0,1,False,False,0,0.0,0.0,0.0,0.0,False,SHSE.600000,1010,101001,10100101,SHSE,600000,浦发银行,PFYH,0.01,1,1999-11-10 00:00:00+08:00,2038-01-01 00:00:00+08:00,,,0.0,0.0,,
150,2023-08-16 00:00:00+08:00,7.17,7.89,6.45,0.0782,11.94978557,1.0,1,False,False,0,0.0,0.0,0.0,0.0,False,SHSE.600000,1010,101001,10100101,SHSE,600000,浦发银行,PFYH,0.01,1,1999-11-10 00:00:00+08:00,2038-01-01 00:00:00+08:00,,,0.0,0.0,,
151,2023-08-17 00:00:00+08:00,7.14,7.85,6.43,0.1267,11.94978557,1.0,1,False,False,0,0.0,0.0,0.0,0.0,False,SHSE.600000,1010,101001,10100101,SHSE,600000,浦发银行,PFYH,0.01,1,1999-11-10 00:00:00+08:00,2038-01-01 00:00:00+08:00,,,0.0,0.0,,
152,2023-08-18 00:00:00+08:00,7.1,7.81,6.39,0.0959,11.94978557,1.0,1,False,False,0,0.0,0.0,0.0,0.0,False,SHSE.600000,1010,101001,10100101,SHSE,600000,浦发银行,PFYH,0.01,1,1999-11-10 00:00:00+08:00,2038-01-01 00:00:00+08:00,,,0.0,0.0,,
153,2023-08-21 00:00:00+08:00,7.07,7.78,6.36,0.1449,11.94978557,1.0,1,False,False,0,0.0,0.0,0.0,0.0,False,SHSE.600000,1010,101001,10100101,SHSE,600000,浦发银行,PFYH,0.01,1,1999-11-10 00:00:00+08:00,2038-01-01 00:00:00+08:00,,,0.0,0.0,,
154,2023-08-22 00:00:00+08:00,6.96,7.66,6.26,0.1122,11.94978557,1.0,1,False,False,0,0.0,0.0,0.0,0.0,False,SHSE.600000,1010,101001,10100101,SHSE,600000,浦发银行,PFYH,0.01,1,1999-11-10 00:00:00+08:00,2038-01-01 00:00:00+08:00,,,0.0,0.0,,
155,2023-08-23 00:00:00+08:00,7.01,7.71,6.31,0.1027,11.94978557,1.0,1,False,False,0,0.0,0.0,0.0,0.0,False,SHSE.600000,1010,101001,10100101,SHSE,600000,浦发银行,PFYH,0.01,1,1999-11-10 00:00:00+08:00,2038-01-01 00:00:00+08:00,,,0.0,0.0,,
156,2023-08-24 00:00:00+08:00,7.02,7.72,6.32,0.0838,11.94978557,1.0,1,False,False,0,0.0,0.0,0.0,0.0,False,SHSE.600000,1010,101001,10100101,SHSE,600000,浦发银行,PFYH,0.01,1,1999-11-10 00:00:00+08:00,2038-01-01 00:00:00+08:00,,,0.0,0.0,,
157,2023-08-25 00:00:00+08:00,6.99,7.69,6.29,0.0842,11.94978557,1.0,1,False,False,0,0.0,0.0,0.0,0.0,False,SHSE.600000,1010,101001,10100101,SHSE,600000,浦发银行,PFYH,0.01,1,1999-11-10 00:00:00+08:00,2038-01-01 00:00:00+08:00,,,0.0,0.0,,
158,2023-08-28 00:00:00+08:00,7.05,7.76,6.35,0.2271,11.94978557,1.0,1,False,False,0,0.0,0.0,0.0,0.0,False,SHSE.600000,1010,101001,10100101,SHSE,600000,浦发银行,PFYH,0.01,1,1999-11-10 00:00:00+08:00,2038-01-01 00:00:00+08:00,,,0.0,0.0,,
159,2023-08-29 00:00:00+08:00,7.15,7.87,6.44,0.1718,11.94978557,1.0,1,False,False,0,0.0,0.0,0.0,0.0,False,SHSE.600000,1010,101001,10100101,SHSE,600000,浦发银行,PFYH,0.01,1,1999-11-10 00:00:00+08:00,2038-01-01 00:00:00+08:00,,,0.0,0.0,,
160,2023-08-30 00:00:00+08:00,7.07,7.78,6.36,0.0978,11.94978557,1.0,1,False,False,0,0.0,0.0,0.0,0.0,False,SHSE.600000,1010,101001,10100101,SHSE,600000,浦发银行,PFYH,0.01,1,1999-11-10 00:00:00+08:00,2038-01-01 00:00:00+08:00,,,0.0,0.0,,
161,2023-08-31 00:00:00+08:00,7.03,7.73,6.33,0.1122,11.94978557,1.0,1,False,False,0,0.0,0.0,0.0,0.0,False,SHSE.600000,1010,101001,10100101,SHSE,600000,浦发银行,PFYH,0.01,1,1999-11-10 00:00:00+08:00,2038-01-01 00:00:00+08:00,,,0.0,0.0,,
162,2023-09-01 00:00:00+08:00,6.98,7.68,6.28,0.0742,11.94978557,1.0,1,False,False,0,0.0,0.0,0.0,0.0,False,SHSE.600000,1010,101001,10100101,SHSE,600000,浦发银行,PFYH,0.01,1,1999-11-10 00:00:00+08:00,2038-01-01 00:00:00+08:00,,,0.0,0.0,,
163,2023-09-04 00:00:00+08:00,7.01,7.71,6.31,0.1254,11.94978557,1.0,1,False,False,0,0.0,0.0,0.0,0.0,False,SHSE.600000,1010,101001,10100101,SHSE,600000,浦发银行,PFYH,0.01,1,1999-11-10 00:00:00+08:00,2038-01-01 00:00:00+08:00,,,0.0,0.0,,
164,2023-09-05 00:00:00+08:00,7.11,7.82,6.4,0.0761,11.94978557,1.0,1,False,False,0,0.0,0.0,0.0,0.0,False,SHSE.600000,1010,101001,10100101,SHSE,600000,浦发银行,PFYH,0.01,1,1999-11-10 00:00:00+08:00,2038-01-01 00:00:00+08:00,,,0.0,0.0,,
165,2023-09-06 00:00:00+08:00,7.04,7.74,6.34,0.057,11.94978557,1.0,1,False,False,0,0.0,0.0,0.0,0.0,False,SHSE.600000,1010,101001,10100101,SHSE,600000,浦发银行,PFYH,0.01,1,1999-11-10 00:00:00+08:00,2038-01-01 00:00:00+08:00,,,0.0,0.0,,
166,2023-09-07 00:00:00+08:00,7.09,7.8,6.38,0.0691,11.94978557,1.0,1,False,False,0,0.0,0.0,0.0,0.0,False,SHSE.600000,1010,101001,10100101,SHSE,600000,浦发银行,PFYH,0.01,1,1999-11-10 00:00:00+08:00,2038-01-01 00:00:00+08:00,,,0.0,0.0,,
167,2023-09-08 00:00:00+08:00,7.04,7.74,6.34,0.0627,11.94978557,1.0,1,False,False,0,0.0,0.0,0.0,0.0,False,SHSE.600000,1010,101001,10100101,SHSE,600000,浦发银行,PFYH,0.01,1,1999-11-10 00:00:00+08:00,2038-01-01 00:00:00+08:00,,,0.0,0.0,,
168,2023-09-11 00:00:00+08:00,7.0,7.7,6.3,0.0848,11.94978557,1.0,1,False,False,0,0.0,0.0,0.0,0.0,False,SHSE.600000,1010,101001,10100101,SHSE,600000,浦发银行,PFYH,0.01,1,1999-11-10 00:00:00+08:00,2038-01-01 00:00:00+08:00,,,0.0,0.0,,
169,2023-09-12 00:00:00+08:00,7.04,7.74,6.34,0.0715,11.94978557,1.0,1,False,False,0,0.0,0.0,0.0,0.0,False,SHSE.600000,1010,101001,10100101,SHSE,600000,浦发银行,PFYH,0.01,1,1999-11-10 00:00:00+08:00,2038-01-01 00:00:00+08:00,,,0.0,0.0,,
170,2023-09-13 00:00:00+08:00,7.06,7.77,6.35,0.0683,11.94978557,1.0,1,False,False,0,0.0,0.0,0.0,0.0,False,SHSE.600000,1010,101001,10100101,SHSE,600000,浦发银行,PFYH,0.01,1,1999-11-10 00:00:00+08:00,2038-01-01 00:00:00+08:00,,,0.0,0.0,,
171,2023-09-14 00:00:00+08:00,7.05,7.76,6.35,0.1212,11.94978557,1.0,1,False,False,0,0.0,0.0,0.0,0.0,False,SHSE.600000,1010,101001,10100101,SHSE,600000,浦发银行,PFYH,0.01,1,1999-11-10 00:00:00+08:00,2038-01-01 00:00:00+08:00,,,0.0,0.0,,
172,2023-09-15 00:00:00+08:00,7.11,7.82,6.4,0.1161,11.94978557,1.0,1,False,False,0,0.0,0.0,0.0,0.0,False,SHSE.600000,1010,101001,10100101,SHSE,600000,浦发银行,PFYH,0.01,1,1999-11-10 00:00:00+08:00,2038-01-01 00:00:00+08:00,,,0.0,0.0,,
173,2023-09-18 00:00:00+08:00,7.12,7.83,6.41,0.0759,11.94978557,1.0,1,False,False,0,0.0,0.0,0.0,0.0,False,SHSE.600000,1010,101001,10100101,SHSE,600000,浦发银行,PFYH,0.01,1,1999-11-10 00:00:00+08:00,2038-01-01 00:00:00+08:00,,,0.0,0.0,,
174,2023-09-19 00:00:00+08:00,7.07,7.78,6.36,0.0962,11.94978557,1.0,1,False,False,0,0.0,0.0,0.0,0.0,False,SHSE.600000,1010,101001,10100101,SHSE,600000,浦发银行,PFYH,0.01,1,1999-11-10 00:00:00+08:00,2038-01-01 00:00:00+08:00,,,0.0,0.0,,
175,2023-09-20 00:00:00+08:00,7.13,7.84,6.42,0.0555,11.94978557,1.0,1,False,False,0,0.0,0.0,0.0,0.0,False,SHSE.600000,1010,101001,10100101,SHSE,600000,浦发银行,PFYH,0.01,1,1999-11-10 00:00:00+08:00,2038-01-01 00:00:00+08:00,,,0.0,0.0,,
176,2023-09-21 00:00:00+08:00,7.13,7.84,6.42,0.093,11.94978557,1.0,1,False,False,0,0.0,0.0,0.0,0.0,False,SHSE.600000,1010,101001,10100101,SHSE,600000,浦发银行,PFYH,0.01,1,1999-11-10 00:00:00+08:00,2038-01-01 00:00:00+08:00,,,0.0,0.0,,
177,2023-09-22 00:00:00+08:00,7.1,7.81,6.39,0.1096,11.94978557,1.0,1,False,False,0,0.0,0.0,0.0,0.0,False,SHSE.600000,1010,101001,10100101,SHSE,600000,浦发银行,PFYH,0.01,1,1999-11-10 00:00:00+08:00,2038-01-01 00:00:00+08:00,,,0.0,0.0,,
178,2023-09-25 00:00:00+08:00,7.18,7.9,6.46,0.1047,11.94978557,1.0,1,False,False,0,0.0,0.0,0.0,0.0,False,SHSE.600000,1010,101001,10100101,SHSE,600000,浦发银行,PFYH,0.01,1,1999-11-10 00:00:00+08:00,2038-01-01 00:00:00+08:00,,,0.0,0.0,,
179,2023-09-26 00:00:00+08:00,7.16,7.88,6.44,0.0746,11.94978557,1.0,1,False,False,0,0.0,0.0,0.0,0.0,False,SHSE.600000,1010,101001,10100101,SHSE,600000,浦发银行,PFYH,0.01,1,1999-11-10 00:00:00+08:00,2038-01-01 00:00:00+08:00,,,0.0,0.0,,
180,2023-09-27 00:00:00+08:00,7.15,7.87,6.44,0.1093,11.94978557,1.0,1,False,False,0,0.0,0.0,0.0,0.0,False,SHSE.600000,1010,101001,10100101,SHSE,600000,浦发银行,PFYH,0.01,1,1999-11-10 00:00:00+08:00,2038-01-01 00:00:00+08:00,,,0.0,0.0,,
181,2023-09-28 00:00:00+08:00,7.13,7.84,6.42,0.0764,11.94978557,1.0,1,False,False,0,0.0,0.0,0.0,0.0,False,SHSE.600000,1010,101001,10100101,SHSE,600000,浦发银行,PFYH,0.01,1,1999-11-10 00:00:00+08:00,2038-01-01 00:00:00+08:00,,,0.0,0.0,,
182,2023-10-09 00:00:00+08:00,7.1,7.81,6.39,0.0946,11.94978557,1.0,1,False,False,0,0.0,0.0,0.0,0.0,False,SHSE.600000,1010,101001,10100101,SHSE,600000,浦发银行,PFYH,0.01,1,1999-11-10 00:00:00+08:00,2038-01-01 00:00:00+08:00,,,0.0,0.0,,
183,2023-10-10 00:00:00+08:00,7.03,7.73,6.33,0.0821,11.94978557,1.0,1,False,False,0,0.0,0.0,0.0,0.0,False,SHSE.600000,1010,101001,10100101,SHSE,600000,浦发银行,PFYH,0.01,1,1999-11-10 00:00:00+08:00,2038-01-01 00:00:00+08:00,,,0.0,0.0,,
184,2023-10-11 00:00:00+08:00,7.01,7.71,6.31,0.082,11.94978557,1.0,1,False,False,0,0.0,0.0,0.0,0.0,False,SHSE.600000,1010,101001,10100101,SHSE,600000,浦发银行,PFYH,0.01,1,1999-11-10 00:00:00+08:00,2038-01-01 00:00:00+08:00,,,0.0,0.0,,
185,2023-10-12 00:00:00+08:00,7.02,7.72,6.32,0.1238,11.94978557,1.0,1,False,False,0,0.0,0.0,0.0,0.0,False,SHSE.600000,1010,101001,10100101,SHSE,600000,浦发银行,PFYH,0.01,1,1999-11-10 00:00:00+08:00,2038-01-01 00:00:00+08:00,,,0.0,0.0,,
186,2023-10-13 00:00:00+08:00,7.14,7.85,6.43,0.0669,11.94978557,1.0,1,False,False,0,0.0,0.0,0.0,0.0,False,SHSE.600000,1010,101001,10100101,SHSE,600000,浦发银行,PFYH,0.01,1,1999-11-10 00:00:00+08:00,2038-01-01 00:00:00+08:00,,,0.0,0.0,,
187,2023-10-16 00:00:00+08:00,7.1,7.81,6.39,0.0849,11.94978557,1.0,1,False,False,0,0.0,0.0,0.0,0.0,False,SHSE.600000,1010,101001,10100101,SHSE,600000,浦发银行,PFYH,0.01,1,1999-11-10 00:00:00+08:00,2038-01-01 00:00:00+08:00,,,0.0,0.0,,
188,2023-10-17 00:00:00+08:00,7.07,7.78,6.36,0.0648,11.94978557,1.0,1,False,False,0,0.0,0.0,0.0,0.0,False,SHSE.600000,1010,101001,10100101,SHSE,600000,浦发银行,PFYH,0.01,1,1999-11-10 00:00:00+08:00,2038-01-01 00:00:00+08:00,,,0.0,0.0,,
189,2023-10-18 00:00:00+08:00,7.09,7.8,6.38,0.0732,11.94978557,1.0,1,False,False,0,0.0,0.0,0.0,0.0,False,SHSE.600000,1010,101001,10100101,SHSE,600000,浦发银行,PFYH,0.01,1,1999-11-10 00:00:00+08:00,2038-01-01 00:00:00+08:00,,,0.0,0.0,,
190,2023-10-19 00:00:00+08:00,7.05,7.76,6.35,0.2101,11.94978557,1.0,1,False,False,0,0.0,0.0,0.0,0.0,False,SHSE.600000,1010,101001,10100101,SHSE,600000,浦发银行,PFYH,0.01,1,1999-11-10 00:00:00+08:00,2038-01-01 00:00:00+08:00,,,0.0,0.0,,
191,2023-10-20 00:00:00+08:00,6.84,7.52,6.16,0.1058,11.94978557,1.0,1,False,False,0,0.0,0.0,0.0,0.0,False,SHSE.600000,1010,101001,10100101,SHSE,600000,浦发银行,PFYH,0.01,1,1999-11-10 00:00:00+08:00,2038-01-01 00:00:00+08:00,,,0.0,0.0,,
192,2023-10-23 00:00:00+08:00,6.87,7.56,6.18,0.0812,11.94978557,1.0,1,False,False,0,0.0,0.0,0.0,0.0,False,SHSE.600000,1010,101001,10100101,SHSE,600000,浦发银行,PFYH,0.01,1,1999-11-10 00:00:00+08:00,2038-01-01 00:00:00+08:00,,,0.0,0.0,,
193,2023-10-24 00:00:00+08:00,6.83,7.51,6.15,0.0958,11.94978557,1.0,1,False,False,0,0.0,0.0,0.0,0.0,False,SHSE.600000,1010,101001,10100101,SHSE,600000,浦发银行,PFYH,0.01,1,1999-11-10 00:00:00+08:00,2038-01-01 00:00:00+08:00,,,0.0,0.0,,
194,2023-10-25 00:00:00+08:00,6.82,7.5,6.14,0.0914,11.94978557,1.0,1,False,False,0,0.0,0.0,0.0,0.0,False,SHSE.600000,1010,101001,10100101,SHSE,600000,浦发银行,PFYH,0.01,1,1999-11-10 00:00:00+08:00,2038-01-01 00:00:00+08:00,,,0.0,0.0,,
195,2023-10-26 00:00:00+08:00,6.93,7.62,6.24,0.0843,11.94978557,1.0,1,False,False,0,0.0,0.0,0.0,0.0,False,SHSE.600000,1010,101001,10100101,SHSE,600000,浦发银行,PFYH,0.01,1,1999-11-10 00:00:00+08:00,2038-01-01 00:00:00+08:00,,,0.0,0.0,,
196,2023-10-27 00:00:00+08:00,6.96,7.66,6.26,0.0663,11.94978557,1.0,1,False,False,0,0.0,0.0,0.0,0.0,False,SHSE.600000,1010,101001,10100101,SHSE,600000,浦发银行,PFYH,0.01,1,1999-11-10 00:00:00+08:00,2038-01-01 00:00:00+08:00,,,0.0,0.0,,
197,2023-10-30 00:00:00+08:00,6.99,7.69,6.29,0.1785,11.94978557,1.0,1,False,False,0,0.0,0.0,0.0,0.0,False,SHSE.600000,1010,101001,10100101,SHSE,600000,浦发银行,PFYH,0.01,1,1999-11-10 00:00:00+08:00,2038-01-01 00:00:00+08:00,,,0.0,0.0,,
198,2023-10-31 00:00:00+08:00,6.8,7.48,6.12,0.0892,11.94978557,1.0,1,False,False,0,0.0,0.0,0.0,0.0,False,SHSE.600000,1010,101001,10100101,SHSE,600000,浦发银行,PFYH,0.01,1,1999-11-10 00:00:00+08:00,2038-01-01 00:00:00+08:00,,,0.0,0.0,,
199,2023-11-01 00:00:00+08:00,6.82,7.5,6.14,0.0963,11.94978557,1.0,1,False,False,0,0.0,0.0,0.0,0.0,False,SHSE.600000,1010,101001,10100101,SHSE,600000,浦发银行,PFYH,0.01,1,1999-11-10 00:00:00+08:00,2038-01-01 00:00:00+08:00,,,0.0,0.0,,
200,2023-11-02 00:00:00+08:00,6.86,7.55,6.17,0.0838,11.94978557,1.0,1,False,False,0,0.0,0.0,0.0,0.0,False,SHSE.600000,1010,101001,10100101,SHSE,600000,浦发银行,PFYH,0.01,1,1999-11-10 00:00:00+08:00,2038-01-01 00:00:00+08:00,,,0.0,0.0,,
201,2023-11-03 00:00:00+08:00,6.94,7.63,6.25,0.0756,11.94978557,1.0,1,False,False,0,0.0,0.0,0.0,0.0,False,SHSE.600000,1010,101001,10100101,SHSE,600000,浦发银行,PFYH,0.01,1,1999-11-10 00:00:00+08:00,2038-01-01 00:00:00+08:00,,,0.0,0.0,,
202,2023-11-06 00:00:00+08:00,6.89,7.58,6.2,0.0662,11.94978557,1.0,1,False,False,0,0.0,0.0,0.0,0.0,False,SHSE.600000,1010,101001,10100101,SHSE,600000,浦发银行,PFYH,0.01,1,1999-11-10 00:00:00+08:00,2038-01-01 00:00:00+08:00,,,0.0,0.0,,
203,2023-11-07 00:00:00+08:00,6.94,7.63,6.25,0.0542,11.94978557,1.0,1,False,False,0,0.0,0.0,0.0,0.0,False,SHSE.600000,1010,101001,10100101,SHSE,600000,浦发银行,PFYH,0.01,1,1999-11-10 00:00:00+08:00,2038-01-01 00:00:00+08:00,,,0.0,0.0,,
204,2023-11-08 00:00:00+08:00,6.91,7.6,6.22,0.0605,11.94978557,1.0,1,False,False,0,0.0,0.0,0.0,0.0,False,SHSE.600000,1010,101001,10100101,SHSE,600000,浦发银行,PFYH,0.01,1,1999-11-10 00:00:00+08:00,2038-01-01 00:00:00+08:00,,,0.0,0.0,,
205,2023-11-09 00:00:00+08:00,6.9,7.59,6.21,0.0746,11.94978557,1.0,1,False,False,0,0.0,0.0,0.0,0.0,False,SHSE.600000,1010,101001,10100101,SHSE,600000,浦发银行,PFYH,0.01,1,1999-11-10 00:00:00+08:00,2038-01-01 00:00:00+08:00,,,0.0,0.0,,
206,2023-11-10 00:00:00+08:00,6.93,7.62,6.24,0.0697,11.94978557,1.0,1,False,False,0,0.0,0.0,0.0,0.0,False,SHSE.600000,1010,101001,10100101,SHSE,600000,浦发银行,PFYH,0.01,1,1999-11-10 00:00:00+08:00,2038-01-01 00:00:00+08:00,,,0.0,0.0,,
207,2023-11-13 00:00:00+08:00,6.88,7.57,6.19,0.0483,11.94978557,1.0,1,False,False,0,0.0,0.0,0.0,0.0,False,SHSE.600000,1010,101001,10100101,SHSE,600000,浦发银行,PFYH,0.01,1,1999-11-10 00:00:00+08:00,2038-01-01 00:00:00+08:00,,,0.0,0.0,,
208,2023-11-14 00:00:00+08:00,6.88,7.57,6.19,0.0469,11.94978557,1.0,1,False,False,0,0.0,0.0,0.0,0.0,False,SHSE.600000,1010,101001,10100101,SHSE,600000,浦发银行,PFYH,0.01,1,1999-11-10 00:00:00+08:00,2038-01-01 00:00:00+08:00,,,0.0,0.0,,
209,2023-11-15 00:00:00+08:00,6.88,7.57,6.19,0.0829,11.94978557,1.0,1,False,False,0,0.0,0.0,0.0,0.0,False,SHSE.600000,1010,101001,10100101,SHSE,600000,浦发银行,PFYH,0.01,1,1999-11-10 00:00:00+08:00,2038-01-01 00:00:00+08:00,,,0.0,0.0,,
210,2023-11-16 00:00:00+08:00,6.96,7.66,6.26,0.0491,11.94978557,1.0,1,False,False,0,0.0,0.0,0.0,0.0,False,SHSE.600000,1010,101001,10100101,SHSE,600000,浦发银行,PFYH,0.01,1,1999-11-10 00:00:00+08:00,2038-01-01 00:00:00+08:00,,,0.0,0.0,,
211,2023-11-17 00:00:00+08:00,6.93,7.62,6.24,0.0708,11.94978557,1.0,1,False,False,0,0.0,0.0,0.0,0.0,False,SHSE.600000,1010,101001,10100101,SHSE,600000,浦发银行,PFYH,0.01,1,1999-11-10 00:00:00+08:00,2038-01-01 00:00:00+08:00,,,0.0,0.0,,
212,2023-11-20 00:00:00+08:00,6.86,7.55,6.17,0.0624,11.94978557,1.0,1,False,False,0,0.0,0.0,0.0,0.0,False,SHSE.600000,1010,101001,10100101,SHSE,600000,浦发银行,PFYH,0.01,1,1999-11-10 00:00:00+08:00,2038-01-01 00:00:00+08:00,,,0.0,0.0,,
213,2023-11-21 00:00:00+08:00,6.91,7.6,6.22,0.1011,11.94978557,1.0,1,False,False,0,0.0,0.0,0.0,0.0,False,SHSE.600000,1010,101001,10100101,SHSE,600000,浦发银行,PFYH,0.01,1,1999-11-10 00:00:00+08:00,2038-01-01 00:00:00+08:00,,,0.0,0.0,,
214,2023-11-22 00:00:00+08:00,6.96,7.66,6.26,0.0598,11.94978557,1.0,1,False,False,0,0.0,0.0,0.0,0.0,False,SHSE.600000,1010,101001,10100101,SHSE,600000,浦发银行,PFYH,0.01,1,1999-11-10 00:00:00+08:00,2038-01-01 00:00:00+08:00,,,0.0,0.0,,
215,2023-11-23 00:00:00+08:00,6.94,7.63,6.25,0.0536,11.94978557,1.0,1,False,False,0,0.0,0.0,0.0,0.0,False,SHSE.600000,1010,101001,10100101,SHSE,600000,浦发银行,PFYH,0.01,1,1999-11-10 00:00:00+08:00,2038-01-01 00:00:00+08:00,,,0.0,0.0,,
216,2023-11-24 00:00:00+08:00,6.93,7.62,6.24,0.0687,11.94978557,1.0,1,False,False,0,0.0,0.0,0.0,0.0,False,SHSE.600000,1010,101001,10100101,SHSE,600000,浦发银行,PFYH,0.01,1,1999-11-10 00:00:00+08:00,2038-01-01 00:00:00+08:00,,,0.0,0.0,,
217,2023-11-27 00:00:00+08:00,6.95,7.65,6.26,0.0787,11.94978557,1.0,1,False,False,0,0.0,0.0,0.0,0.0,False,SHSE.600000,1010,101001,10100101,SHSE,600000,浦发银行,PFYH,0.01,1,1999-11-10 00:00:00+08:00,2038-01-01 00:00:00+08:00,,,0.0,0.0,,
218,2023-11-28 00:00:00+08:00,6.9,7.59,6.21,0.0622,11.94978557,1.0,1,False,False,0,0.0,0.0,0.0,0.0,False,SHSE.600000,1010,101001,10100101,SHSE,600000,浦发银行,PFYH,0.01,1,1999-11-10 00:00:00+08:00,2038-01-01 00:00:00+08:00,,,0.0,0.0,,
219,2023-11-29 00:00:00+08:00,6.87,7.56,6.18,0.0968,11.94978557,1.0,1,False,False,0,0.0,0.0,0.0,0.0,False,SHSE.600000,1010,101001,10100101,SHSE,600000,浦发银行,PFYH,0.01,1,1999-11-10 00:00:00+08:00,2038-01-01 00:00:00+08:00,,,0.0,0.0,,
220,2023-11-30 00:00:00+08:00,6.82,7.5,6.14,0.108,11.94978557,1.0,1,False,False,0,0.0,0.0,0.0,0.0,False,SHSE.600000,1010,101001,10100101,SHSE,600000,浦发银行,PFYH,0.01,1,1999-11-10 00:00:00+08:00,2038-01-01 00:00:00+08:00,,,0.0,0.0,,
221,2023-12-01 00:00:00+08:00,6.85,7.54,6.17,0.0986,11.94978557,1.0,1,False,False,0,0.0,0.0,0.0,0.0,False,SHSE.600000,1010,101001,10100101,SHSE,600000,浦发银行,PFYH,0.01,1,1999-11-10 00:00:00+08:00,2038-01-01 00:00:00+08:00,,,0.0,0.0,,
222,2023-12-04 00:00:00+08:00,6.85,7.54,6.17,0.0642,11.94978557,1.0,1,False,False,0,0.0,0.0,0.0,0.0,False,SHSE.600000,1010,101001,10100101,SHSE,600000,浦发银行,PFYH,0.01,1,1999-11-10 00:00:00+08:00,2038-01-01 00:00:00+08:00,,,0.0,0.0,,
223,2023-12-05 00:00:00+08:00,6.81,7.49,6.13,0.1179,11.94978557,1.0,1,False,False,0,0.0,0.0,0.0,0.0,False,SHSE.600000,1010,101001,10100101,SHSE,600000,浦发银行,PFYH,0.01,1,1999-11-10 00:00:00+08:00,2038-01-01 00:00:00+08:00,,,0.0,0.0,,
224,2023-12-06 00:00:00+08:00,6.71,7.38,6.04,0.1357,11.94978557,1.0,1,False,False,0,0.0,0.0,0.0,0.0,False,SHSE.600000,1010,101001,10100101,SHSE,600000,浦发银行,PFYH,0.01,1,1999-11-10 00:00:00+08:00,2038-01-01 00:00:00+08:00,,,0.0,0.0,,
225,2023-12-07 00:00:00+08:00,6.61,7.27,5.95,0.1041,11.94978557,1.0,1,False,False,0,0.0,0.0,0.0,0.0,False,SHSE.600000,1010,101001,10100101,SHSE,600000,浦发银行,PFYH,0.01,1,1999-11-10 00:00:00+08:00,2038-01-01 00:00:00+08:00,,,0.0,0.0,,
226,2023-12-08 00:00:00+08:00,6.61,7.27,5.95,0.1006,11.94978557,1.0,1,False,False,0,0.0,0.0,0.0,0.0,False,SHSE.600000,1010,101001,10100101,SHSE,600000,浦发银行,PFYH,0.01,1,1999-11-10 00:00:00+08:00,2038-01-01 00:00:00+08:00,,,0.0,0.0,,
227,2023-12-11 00:00:00+08:00,6.67,7.34,6.0,0.1145,11.94978557,1.0,1,False,False,0,0.0,0.0,0.0,0.0,False,SHSE.600000,1010,101001,10100101,SHSE,600000,浦发银行,PFYH,0.01,1,1999-11-10 00:00:00+08:00,2038-01-01 00:00:00+08:00,,,0.0,0.0,,
228,2023-12-12 00:00:00+08:00,6.72,7.39,6.05,0.0579,11.94978557,1.0,1,False,False,0,0.0,0.0,0.0,0.0,False,SHSE.600000,1010,101001,10100101,SHSE,600000,浦发银行,PFYH,0.01,1,1999-11-10 00:00:00+08:00,2038-01-01 00:00:00+08:00,,,0.0,0.0,,
229,2023-12-13 00:00:00+08:00,6.71,7.38,6.04,0.0977,11.94978557,1.0,1,False,False,0,0.0,0.0,0.0,0.0,False,SHSE.600000,1010,101001,10100101,SHSE,600000,浦发银行,PFYH,0.01,1,1999-11-10 00:00:00+08:00,2038-01-01 00:00:00+08:00,,,0.0,0.0,,
230,2023-12-14 00:00:00+08:00,6.71,7.38,6.04,0.0677,11.94978557,1.0,1,False,False,0,0.0,0.0,0.0,0.0,False,SHSE.600000,1010,101001,10100101,SHSE,600000,浦发银行,PFYH,0.01,1,1999-11-10 00:00:00+08:00,2038-01-01 00:00:00+08:00,,,0.0,0.0,,
231,2023-12-15 00:00:00+08:00,6.64,7.3,5.98,0.1148,11.94978557,1.0,1,False,False,0,0.0,0.0,0.0,0.0,False,SHSE.600000,1010,101001,10100101,SHSE,600000,浦发银行,PFYH,0.01,1,1999-11-10 00:00:00+08:00,2038-01-01 00:00:00+08:00,,,0.0,0.0,,
232,2023-12-18 00:00:00+08:00,6.57,7.23,5.91,0.0938,11.94978557,1.0,1,False,False,0,0.0,0.0,0.0,0.0,False,SHSE.600000,1010,101001,10100101,SHSE,600000,浦发银行,PFYH,0.01,1,1999-11-10 00:00:00+08:00,2038-01-01 00:00:00+08:00,,,0.0,0.0,,
233,2023-12-19 00:00:00+08:00,6.58,7.24,5.92,0.0647,11.94978557,1.0,1,False,False,0,0.0,0.0,0.0,0.0,False,SHSE.600000,1010,101001,10100101,SHSE,600000,浦发银行,PFYH,0.01,1,1999-11-10 00:00:00+08:00,2038-01-01 00:00:00+08:00,,,0.0,0.0,,
234,2023-12-20 00:00:00+08:00,6.56,7.22,5.9,0.066,11.94978557,1.0,1,False,False,0,0.0,0.0,0.0,0.0,False,SHSE.600000,1010,101001,10100101,SHSE,600000,浦发银行,PFYH,0.01,1,1999-11-10 00:00:00+08:00,2038-01-01 00:00:00+08:00,,,0.0,0.0,,
235,2023-12-21 00:00:00+08:00,6.53,7.18,5.88,0.0959,11.94978557,1.0,1,False,False,0,0.0,0.0,0.0,0.0,False,SHSE.600000,1010,101001,10100101,SHSE,600000,浦发银行,PFYH,0.01,1,1999-11-10 00:00:00+08:00,2038-01-01 00:00:00+08:00,,,0.0,0.0,,
236,2023-12-22 00:00:00+08:00,6.57,7.23,5.91,0.0804,11.94978557,1.0,1,False,False,0,0.0,0.0,0.0,0.0,False,SHSE.600000,1010,101001,10100101,SHSE,600000,浦发银行,PFYH,0.01,1,1999-11-10 00:00:00+08:00,2038-01-01 00:00:00+08:00,,,0.0,0.0,,
237,2023-12-25 00:00:00+08:00,6.58,7.24,5.92,0.044,11.94978557,1.0,1,False,False,0,0.0,0.0,0.0,0.0,False,SHSE.600000,1010,101001,10100101,SHSE,600000,浦发银行,PFYH,0.01,1,1999-11-10 00:00:00+08:00,2038-01-01 00:00:00+08:00,,,0.0,0.0,,
238,2023-12-26 00:00:00+08:00,6.58,7.24,5.92,0.0407,11.94978557,1.0,1,False,False,0,0.0,0.0,0.0,0.0,False,SHSE.600000,1010,101001,10100101,SHSE,600000,浦发银行,PFYH,0.01,1,1999-11-10 00:00:00+08:00,2038-01-01 00:00:00+08:00,,,0.0,0.0,,
239,2023-12-27 00:00:00+08:00,6.56,7.22,5.9,0.0628,11.94978557,1.0,1,False,False,0,0.0,0.0,0.0,0.0,False,SHSE.600000,1010,101001,10100101,SHSE,600000,浦发银行,PFYH,0.01,1,1999-11-10 00:00:00+08:00,2038-01-01 00:00:00+08:00,,,0.0,0.0,,
240,2023-12-28 00:00:00+08:00,6.6,7.26,5.94,0.1186,11.94978557,1.0,1,False,False,0,0.0,0.0,0.0,0.0,False,SHSE.600000,1010,101001,10100101,SHSE,600000,浦发银行,PFYH,0.01,1,1999-11-10 00:00:00+08:00,2038-01-01 00:00:00+08:00,,,0.0,0.0,,
241,2023-12-29 00:00:00+08:00,6.68,7.35,6.01,0.1152,11.94978557,1.0,1,False,False,0,0.0,0.0,0.0,0.0,False,SHSE.600000,1010,101001,10100101,SHSE,600000,浦发银行,PFYH,0.01,1,1999-11-10 00:00:00+08:00,2038-01-01 00:00:00+08:00,,,0.0,0.0,,
242,2024-01-02 00:00:00+08:00,6.62,7.28,5.96,0.0752,11.94978557,1.0,1,False,False,0,0.0,0.0,0.0,0.0,False,SHSE.600000,1010,101001,10100101,SHSE,600000,浦发银行,PFYH,0.01,1,1999-11-10 00:00:00+08:00,2038-01-01 00:00:00+08:00,,,0.0,0.0,,
243,2024-01-03 00:00:00+08:00,6.6,7.26,5.94,0.062,11.94978557,1.0,1,False,False,0,0.0,0.0,0.0,0.0,False,SHSE.600000,1010,101001,10100101,SHSE,600000,浦发银行,PFYH,0.01,1,1999-11-10 00:00:00+08:00,2038-01-01 00:00:00+08:00,,,0.0,0.0,,
244,2024-01-04 00:00:00+08:00,6.64,7.3,5.98,0.0984,11.94978557,1.0,1,False,False,0,0.0,0.0,0.0,0.0,False,SHSE.600000,1010,101001,10100101,SHSE,600000,浦发银行,PFYH,0.01,1,1999-11-10 00:00:00+08:00,2038-01-01 00:00:00+08:00,,,0.0,0.0,,
245,2024-01-05 00:00:00+08:00,6.62,7.28,5.96,0.1513,11.94978557,1.0,1,False,False,0,0.0,0.0,0.0,0.0,False,SHSE.600000,1010,101001,10100101,SHSE,600000,浦发银行,PFYH,0.01,1,1999-11-10 00:00:00+08:00,2038-01-01 00:00:00+08:00,,,0.0,0.0,,
246,2024-01-08 00:00:00+08:00,6.68,7.35,6.01,0.1278,11.94978557,1.0,1,False,False,0,0.0,0.0,0.0,0.0,False,SHSE.600000,1010,101001,10100101,SHSE,600000,浦发银行,PFYH,0.01,1,1999-11-10 00:00:00+08:00,2038-01-01 00:00:00+08:00,,,0.0,0.0,,
247,2024-01-09 00:00:00+08:00,6.59,7.25,5.93,0.1047,11.94978557,1.0,1,False,False,0,0.0,0.0,0.0,0.0,False,SHSE.600000,1010,101001,10100101,SHSE,600000,浦发银行,PFYH,0.01,1,1999-11-10 00:00:00+08:00,2038-01-01 00:00:00+08:00,,,0.0,0.0,,
248,2024-01-10 00:00:00+08:00,6.61,7.27,5.95,0.0758,11.94978557,1.0,1,False,False,0,0.0,0.0,0.0,0.0,False,SHSE.600000,1010,101001,10100101,SHSE,600000,浦发银行,PFYH,0.01,1,1999-11-10 00:00:00+08:00,2038-01-01 00:00:00+08:00,,,0.0,0.0,,
249,2024-01-11 00:00:00+08:00,6.57,7.23,5.91,0.1224,11.94978557,1.0,1,False,False,0,0.0,0.0,0.0,0.0,False,SHSE.600000,1010,101001,10100101,SHSE,600000,浦发银行,PFYH,0.01,1,1999-11-10 00:00:00+08:00,2038-01-01 00:00:00+08:00,,,0.0,0.0,,
250,2024-01-12 00:00:00+08:00,6.53,7.18,5.88,0.118,11.94978557,1.0,1,False,False,0,0.0,0.0,0.0,0.0,False,SHSE.600000,1010,101001,10100101,SHSE,600000,浦发银行,PFYH,0.01,1,1999-11-10 00:00:00+08:00,2038-01-01 00:00:00+08:00,,,0.0,0.0,,
251,2024-01-15 00:00:00+08:00,6.5,7.15,5.85,0.0978,11.94978557,1.0,1,False,False,0,0.0,0.0,0.0,0.0,False,SHSE.600000,1010,101001,10100101,SHSE,600000,浦发银行,PFYH,0.01,1,1999-11-10 00:00:00+08:00,2038-01-01 00:00:00+08:00,,,0.0,0.0,,
252,2024-01-16 00:00:00+08:00,6.51,7.16,5.86,0.1812,11.94978557,1.0,1,False,False,0,0.0,0.0,0.0,0.0,False,SHSE.600000,1010,101001,10100101,SHSE,600000,浦发银行,PFYH,0.01,1,1999-11-10 00:00:00+08:00,2038-01-01 00:00:00+08:00,,,0.0,0.0,,
253,2024-01-17 00:00:00+08:00,6.59,7.25,5.93,0.1644,11.94978557,1.0,1,False,False,0,0.0,0.0,0.0,0.0,False,SHSE.600000,1010,101001,10100101,SHSE,600000,浦发银行,PFYH,0.01,1,1999-11-10 00:00:00+08:00,2038-01-01 00:00:00+08:00,,,0.0,0.0,,
254,2024-01-18 00:00:00+08:00,6.53,7.18,5.88,0.2521,11.94978557,1.0,1,False,False,0,0.0,0.0,0.0,0.0,False,SHSE.600000,1010,101001,10100101,SHSE,600000,浦发银行,PFYH,0.01,1,1999-11-10 00:00:00+08:00,2038-01-01 00:00:00+08:00,,,0.0,0.0,,
255,2024-01-19 00:00:00+08:00,6.56,7.22,5.9,0.1964,11.94978557,1.0,1,False,False,0,0.0,0.0,0.0,0.0,False,SHSE.600000,1010,101001,10100101,SHSE,600000,浦发银行,PFYH,0.01,1,1999-11-10 00:00:00+08:00,2038-01-01 00:00:00+08:00,,,0.0,0.0,,
256,2024-01-22 00:00:00+08:00,6.59,7.25,5.93,0.2289,11.94978557,1.0,1,False,False,0,0.0,0.0,0.0,0.0,False,SHSE.600000,1010,101001,10100101,SHSE,600000,浦发银行,PFYH,0.01,1,1999-11-10 00:00:00+08:00,2038-01-01 00:00:00+08:00,,,0.0,0.0,,
257,2024-01-23 00:00:00+08:00,6.59,7.25,5.93,0.1134,11.94978557,1.0,1,False,False,0,0.0,0.0,0.0,0.0,False,SHSE.600000,1010,101001,10100101,SHSE,600000,浦发银行,PFYH,0.01,1,1999-11-10 00:00:00+08:00,2038-01-01 00:00:00+08:00,,,0.0,0.0,,
258,2024-01-24 00:00:00+08:00,6.62,7.28,5.96,0.1831,11.94978557,1.0,1,False,False,0,0.0,0.0,0.0,0.0,False,SHSE.600000,1010,101001,10100101,SHSE,600000,浦发银行,PFYH,0.01,1,1999-11-10 00:00:00+08:00,2038-01-01 00:00:00+08:00,,,0.0,0.0,,
259,2024-01-25 00:00:00+08:00,6.71,7.38,6.04,0.1712,11.94978557,1.0,1,False,False,0,0.0,0.0,0.0,0.0,False,SHSE.600000,1010,101001,10100101,SHSE,600000,浦发银行,PFYH,0.01,1,1999-11-10 00:00:00+08:00,2038-01-01 00:00:00+08:00,,,0.0,0.0,,
260,2024-01-26 00:00:00+08:00,6.77,7.45,6.09,0.2419,11.94978557,1.0,1,False,False,0,0.0,0.0,0.0,0.0,False,SHSE.600000,1010,101001,10100101,SHSE,600000,浦发银行,PFYH,0.01,1,1999-11-10 00:00:00+08:00,2038-01-01 00:00:00+08:00,,,0.0,0.0,,
261,2024-01-29 00:00:00+08:00,6.87,7.56,6.18,0.1883,11.94978557,1.0,1,False,False,0,0.0,0.0,0.0,0.0,False,SHSE.600000,1010,101001,10100101,SHSE,600000,浦发银行,PFYH,0.01,1,1999-11-10 00:00:00+08:00,2038-01-01 00:00:00+08:00,,,0.0,0.0,,
262,2024-01-30 00:00:00+08:00,6.9,7.59,6.21,0.1388,11.94978557,1.0,1,False,False,0,0.0,0.0,0.0,0.0,False,SHSE.600000,1010,101001,10100101,SHSE,600000,浦发银行,PFYH,0.01,1,1999-11-10 00:00:00+08:00,2038-01-01 00:00:00+08:00,,,0.0,0.0,,
263,2024-01-31 00:00:00+08:00,6.83,7.51,6.15,0.1556,11.94978557,1.0,1,False,False,0,0.0,0.0,0.0,0.0,False,SHSE.600000,1010,101001,10100101,SHSE,600000,浦发银行,PFYH,0.01,1,1999-11-10 00:00:00+08:00,2038-01-01 00:00:00+08:00,,,0.0,0.0,,
264,2024-02-01 00:00:00+08:00,6.83,7.51,6.15,0.1508,11.94978557,1.0,1,False,False,0,0.0,0.0,0.0,0.0,False,SHSE.600000,1010,101001,10100101,SHSE,600000,浦发银行,PFYH,0.01,1,1999-11-10 00:00:00+08:00,2038-01-01 00:00:00+08:00,,,0.0,0.0,,
265,2024-02-02 00:00:00+08:00,6.8,7.48,6.12,0.2027,11.94978557,1.0,1,False,False,0,0.0,0.0,0.0,0.0,False,SHSE.600000,1010,101001,10100101,SHSE,600000,浦发银行,PFYH,0.01,1,1999-11-10 00:00:00+08:00,2038-01-01 00:00:00+08:00,,,0.0,0.0,,
266,2024-02-05 00:00:00+08:00,6.84,7.52,6.16,0.2818,11.94978557,1.0,1,False,False,0,0.0,0.0,0.0,0.0,False,SHSE.600000,1010,101001,10100101,SHSE,600000,浦发银行,PFYH,0.01,1,1999-11-10 00:00:00+08:00,2038-01-01 00:00:00+08:00,,,0.0,0.0,,
267,2024-02-06 00:00:00+08:00,6.89,7.58,6.2,0.2442,11.94978557,1.0,1,False,False,0,0.0,0.0,0.0,0.0,False,SHSE.600000,1010,101001,10100101,SHSE,600000,浦发银行,PFYH,0.01,1,1999-11-10 00:00:00+08:00,2038-01-01 00:00:00+08:00,,,0.0,0.0,,
268,2024-02-07 00:00:00+08:00,7.0,7.7,6.3,0.2853,11.94978557,1.0,1,False,False,0,0.0,0.0,0.0,0.0,False,SHSE.600000,1010,101001,10100101,SHSE,600000,浦发银行,PFYH,0.01,1,1999-11-10 00:00:00+08:00,2038-01-01 00:00:00+08:00,,,0.0,0.0,,
269,2024-02-08 00:00:00+08:00,6.94,7.63,6.25,0.2288,11.94978557,1.0,1,False,False,0,0.0,0.0,0.0,0.0,False,SHSE.600000,1010,101001,10100101,SHSE,600000,浦发银行,PFYH,0.01,1,1999-11-10 00:00:00+08:00,2038-01-01 00:00:00+08:00,,,0.0,0.0,,
270,2024-02-19 00:00:00+08:00,6.96,7.66,6.26,0.1972,11.94978557,1.0,1,False,False,0,0.0,0.0,0.0,0.0,False,SHSE.600000,1010,101001,10100101,SHSE,600000,浦发银行,PFYH,0.01,1,1999-11-10 00:00:00+08:00,2038-01-01 00:00:00+08:00,,,0.0,0.0,,
271,2024-02-20 00:00:00+08:00,7.12,7.83,6.41,0.1104,11.94978557,1.0,1,False,False,0,0.0,0.0,0.0,0.0,False,SHSE.600000,1010,101001,10100101,SHSE,600000,浦发银行,PFYH,0.01,1,1999-11-10 00:00:00+08:00,2038-01-01 00:00:00+08:00,,,0.0,0.0,,
272,2024-02-21 00:00:00+08:00,7.1,7.81,6.39,0.2004,11.94978557,1.0,1,False,False,0,0.0,0.0,0.0,0.0,False,SHSE.600000,1010,101001,10100101,SHSE,600000,浦发银行,PFYH,0.01,1,1999-11-10 00:00:00+08:00,2038-01-01 00:00:00+08:00,,,0.0,0.0,,
273,2024-02-22 00:00:00+08:00,7.24,7.96,6.52,0.1147,11.94978557,1.0,1,False,False,0,0.0,0.0,0.0,0.0,False,SHSE.600000,1010,101001,10100101,SHSE,600000,浦发银行,PFYH,0.01,1,1999-11-10 00:00:00+08:00,2038-01-01 00:00:00+08:00,,,0.0,0.0,,
274,2024-02-23 00:00:00+08:00,7.21,7.93,6.49,0.1293,11.94978557,1.0,1,False,False,0,0.0,0.0,0.0,0.0,False,SHSE.600000,1010,101001,10100101,SHSE,600000,浦发银行,PFYH,0.01,1,1999-11-10 00:00:00+08:00,2038-01-01 00:00:00+08:00,,,0.0,0.0,,
275,2024-02-26 00:00:00+08:00,7.28,8.01,6.55,0.1447,11.94978557,1.0,1,False,False,0,0.0,0.0,0.0,0.0,False,SHSE.600000,1010,101001,10100101,SHSE,600000,浦发银行,PFYH,0.01,1,1999-11-10 00:00:00+08:00,2038-01-01 00:00:00+08:00,,,0.0,0.0,,
276,2024-02-27 00:00:00+08:00,7.1,7.81,6.39,0.0847,11.94978557,1.0,1,False,False,0,0.0,0.0,0.0,0.0,False,SHSE.600000,1010,101001,10100101,SHSE,600000,浦发银行,PFYH,0.01,1,1999-11-10 00:00:00+08:00,2038-01-01 00:00:00+08:00,,,0.0,0.0,,
277,2024-02-28 00:00:00+08:00,7.14,7.85,6.43,0.1221,11.94978557,1.0,1,False,False,0,0.0,0.0,0.0,0.0,False,SHSE.600000,1010,101001,10100101,SHSE,600000,浦发银行,PFYH,0.01,1,1999-11-10 00:00:00+08:00,2038-01-01 00:00:00+08:00,,,0.0,0.0,,
278,2024-02-29 00:00:00+08:00,7.1,7.81,6.39,0.1168,11.94978557,1.0,1,False,False,0,0.0,0.0,0.0,0.0,False,SHSE.600000,1010,101001,10100101,SHSE,600000,浦发银行,PFYH,0.01,1,1999-11-10 00:00:00+08:00,2038-01-01 00:00:00+08:00,,,0.0,0.0,,
279,2024-03-01 00:00:00+08:00,7.15,7.87,6.44,0.1003,11.94978557,1.0,1,False,False,0,0.0,0.0,0.0,0.0,False,SHSE.600000,1010,101001,10100101,SHSE,600000,浦发银行,PFYH,0.01,1,1999-11-10 00:00:00+08:00,2038-01-01 00:00:00+08:00,,,0.0,0.0,,
280,2024-03-04 00:00:00+08:00,7.11,7.82,6.4,0.0949,11.94978557,1.0,1,False,False,0,0.0,0.0,0.0,0.0,False,SHSE.600000,1010,101001,10100101,SHSE,600000,浦发银行,PFYH,0.01,1,1999-11-10 00:00:00+08:00,2038-01-01 00:00:00+08:00,,,0.0,0.0,,
281,2024-03-05 00:00:00+08:00,7.07,7.78,6.36,0.1423,11.94978557,1.0,1,False,False,0,0.0,0.0,0.0,0.0,False,SHSE.600000,1010,101001,10100101,SHSE,600000,浦发银行,PFYH,0.01,1,1999-11-10 00:00:00+08:00,2038-01-01 00:00:00+08:00,,,0.0,0.0,,
282,2024-03-06 00:00:00+08:00,7.16,7.88,6.44,0.0883,11.94978557,1.0,1,False,False,0,0.0,0.0,0.0,0.0,False,SHSE.600000,1010,101001,10100101,SHSE,600000,浦发银行,PFYH,0.01,1,1999-11-10 00:00:00+08:00,2038-01-01 00:00:00+08:00,,,0.0,0.0,,
283,2024-03-07 00:00:00+08:00,7.12,7.83,6.41,0.0841,11.94978557,1.0,1,False,False,0,0.0,0.0,0.0,0.0,False,SHSE.600000,1010,101001,10100101,SHSE,600000,浦发银行,PFYH,0.01,1,1999-11-10 00:00:00+08:00,2038-01-01 00:00:00+08:00,,,0.0,0.0,,
284,2024-03-08 00:00:00+08:00,7.14,7.85,6.43,0.0677,11.94978557,1.0,1,False,False,0,0.0,0.0,0.0,0.0,False,SHSE.600000,1010,101001,10100101,SHSE,600000,浦发银行,PFYH,0.01,1,1999-11-10 00:00:00+08:00,2038-01-01 00:00:00+08:00,,,0.0,0.0,,
285,2024-03-11 00:00:00+08:00,7.12,7.83,6.41,0.0892,11.94978557,1.0,1,False,False,0,0.0,0.0,0.0,0.0,False,SHSE.600000,1010,101001,10100101,SHSE,600000,浦发银行,PFYH,0.01,1,1999-11-10 00:00:00+08:00,2038-01-01 00:00:00+08:00,,,0.0,0.0,,
286,2024-03-12 00:00:00+08:00,7.11,7.82,6.4,0.0989,11.94978557,1.0,1,False,False,0,0.0,0.0,0.0,0.0,False,SHSE.600000,1010,101001,10100101,SHSE,600000,浦发银行,PFYH,0.01,1,1999-11-10 00:00:00+08:00,2038-01-01 00:00:00+08:00,,,0.0,0.0,,
287,2024-03-13 00:00:00+08:00,7.1,7.81,6.39,0.0884,11.94978557,1.0,1,False,False,0,0.0,0.0,0.0,0.0,False,SHSE.600000,1010,101001,10100101,SHSE,600000,浦发银行,PFYH,0.01,1,1999-11-10 00:00:00+08:00,2038-01-01 00:00:00+08:00,,,0.0,0.0,,
288,2024-03-14 00:00:00+08:00,7.04,7.74,6.34,0.0637,11.94978557,1.0,1,False,False,0,0.0,0.0,0.0,0.0,False,SHSE.600000,1010,101001,10100101,SHSE,600000,浦发银行,PFYH,0.01,1,1999-11-10 00:00:00+08:00,2038-01-01 00:00:00+08:00,,,0.0,0.0,,
289,2024-03-15 00:00:00+08:00,7.04,7.74,6.34,0.1008,11.94978557,1.0,1,False,False,0,0.0,0.0,0.0,0.0,False,SHSE.600000,1010,101001,10100101,SHSE,600000,浦发银行,PFYH,0.01,1,1999-11-10 00:00:00+08:00,2038-01-01 00:00:00+08:00,,,0.0,0.0,,
290,2024-03-18 00:00:00+08:00,7.09,7.8,6.38,0.0905,11.94978557,1.0,1,False,False,0,0.0,0.0,0.0,0.0,False,SHSE.600000,1010,101001,10100101,SHSE,600000,浦发银行,PFYH,0.01,1,1999-11-10 00:00:00+08:00,2038-01-01 00:00:00+08:00,,,0.0,0.0,,
291,2024-03-19 00:00:00+08:00,7.09,7.8,6.38,0.0778,11.94978557,1.0,1,False,False,0,0.0,0.0,0.0,0.0,False,SHSE.600000,1010,101001,10100101,SHSE,600000,浦发银行,PFYH,0.01,1,1999-11-10 00:00:00+08:00,2038-01-01 00:00:00+08:00,,,0.0,0.0,,
292,2024-03-20 00:00:00+08:00,7.01,7.71,6.31,0.0666,11.94978557,1.0,1,False,False,0,0.0,0.0,0.0,0.0,False,SHSE.600000,1010,101001,10100101,SHSE,600000,浦发银行,PFYH,0.01,1,1999-11-10 00:00:00+08:00,2038-01-01 00:00:00+08:00,,,0.0,0.0,,
293,2024-03-21 00:00:00+08:00,7.03,7.73,6.33,0.1428,11.94978557,1.0,1,False,False,0,0.0,0.0,0.0,0.0,False,SHSE.600000,1010,101001,10100101,SHSE,600000,浦发银行,PFYH,0.01,1,1999-11-10 00:00:00+08:00,2038-01-01 00:00:00+08:00,,,0.0,0.0,,
294,2024-03-22 00:00:00+08:00,7.1,7.81,6.39,0.1225,11.94978557,1.0,1,False,False,0,0.0,0.0,0.0,0.0,False,SHSE.600000,1010,101001,10100101,SHSE,600000,浦发银行,PFYH,0.01,1,1999-11-10 00:00:00+08:00,2038-01-01 00:00:00+08:00,,,0.0,0.0,,
295,2024-03-25 00:00:00+08:00,7.04,7.74,6.34,0.0833,11.94978557,1.0,1,False,False,0,0.0,0.0,0.0,0.0,False,SHSE.600000,1010,101001,10100101,SHSE,600000,浦发银行,PFYH,0.01,1,1999-11-10 00:00:00+08:00,2038-01-01 00:00:00+08:00,,,0.0,0.0,,
296,2024-03-26 00:00:00+08:00,7.06,7.77,6.35,0.1196,11.94978557,1.0,1,False,False,0,0.0,0.0,0.0,0.0,False,SHSE.600000,1010,101001,10100101,SHSE,600000,浦发银行,PFYH,0.01,1,1999-11-10 00:00:00+08:00,2038-01-01 00:00:00+08:00,,,0.0,0.0,,
297,2024-03-27 00:00:00+08:00,7.15,7.87,6.44,0.1429,11.94978557,1.0,1,False,False,0,0.0,0.0,0.0,0.0,False,SHSE.600000,1010,101001,10100101,SHSE,600000,浦发银行,PFYH,0.01,1,1999-11-10 00:00:00+08:00,2038-01-01 00:00:00+08:00,,,0.0,0.0,,
298,2024-03-28 00:00:00+08:00,7.17,7.89,6.45,0.1177,11.94978557,1.0,1,False,False,0,0.0,0.0,0.0,0.0,False,SHSE.600000,1010,101001,10100101,SHSE,600000,浦发银行,PFYH,0.01,1,1999-11-10 00:00:00+08:00,2038-01-01 00:00:00+08:00,,,0.0,0.0,,
299,2024-03-29 00:00:00+08:00,7.17,7.89,6.45,0.0618,11.94978557,1.0,1,False,False,0,0.0,0.0,0.0,0.0,False,SHSE.600000,1010,101001,10100101,SHSE,600000,浦发银行,PFYH,0.01,1,1999-11-10 00:00:00+08:00,2038-01-01 00:00:00+08:00,,,0.0,0.0,,
300,2024-04-01 00:00:00+08:00,7.13,7.84,6.42,0.1227,11.94978557,1.0,1,False,False,0,0.0,0.0,0.0,0.0,False,SHSE.600000,1010,101001,10100101,SHSE,600000,浦发银行,PFYH,0.01,1,1999-11-10 00:00:00+08:00,2038-01-01 00:00:00+08:00,,,0.0,0.0,,
301,2024-04-02 00:00:00+08:00,7.23,7.95,6.51,0.1196,11.94978557,1.0,1,False,False,0,0.0,0.0,0.0,0.0,False,SHSE.600000,1010,101001,10100101,SHSE,600000,浦发银行,PFYH,0.01,1,1999-11-10 00:00:00+08:00,2038-01-01 00:00:00+08:00,,,0.0,0.0,,
302,2024-04-03 00:00:00+08:00,7.27,8.0,6.54,0.086,11.94978557,1.0,1,False,False,0,0.0,0.0,0.0,0.0,False,SHSE.600000,1010,101001,10100101,SHSE,600000,浦发银行,PFYH,0.01,1,1999-11-10 00:00:00+08:00,2038-01-01 00:00:00+08:00,,,0.0,0.0,,
303,2024-04-08 00:00:00+08:00,7.23,7.95,6.51,0.1116,11.94978557,1.0,1,False,False,0,0.0,0.0,0.0,0.0,False,SHSE.600000,1010,101001,10100101,SHSE,600000,浦发银行,PFYH,0.01,1,1999-11-10 00:00:00+08:00,2038-01-01 00:00:00+08:00,,,0.0,0.0,,
304,2024-04-09 00:00:00+08:00,7.28,8.01,6.55,0.0693,11.94978557,1.0,1,False,False,0,0.0,0.0,0.0,0.0,False,SHSE.600000,1010,101001,10100101,SHSE,600000,浦发银行,PFYH,0.01,1,1999-11-10 00:00:00+08:00,2038-01-01 00:00:00+08:00,,,0.0,0.0,,
305,2024-04-10 00:00:00+08:00,7.26,7.99,6.53,0.0764,11.94978557,1.0,1,False,False,0,0.0,0.0,0.0,0.0,False,SHSE.600000,1010,101001,10100101,SHSE,600000,浦发银行,PFYH,0.01,1,1999-11-10 00:00:00+08:00,2038-01-01 00:00:00+08:00,,,0.0,0.0,,
306,2024-04-11 00:00:00+08:00,7.27,8.0,6.54,0.0864,11.94978557,1.0,1,False,False,0,0.0,0.0,0.0,0.0,False,SHSE.600000,1010,101001,10100101,SHSE,600000,浦发银行,PFYH,0.01,1,1999-11-10 00:00:00+08:00,2038-01-01 00:00:00+08:00,,,0.0,0.0,,
307,2024-04-12 00:00:00+08:00,7.24,7.96,6.52,0.1118,11.94978557,1.0,1,False,False,0,0.0,0.0,0.0,0.0,False,SHSE.600000,1010,101001,10100101,SHSE,600000,浦发银行,PFYH,0.01,1,1999-11-10 00:00:00+08:00,2038-01-01 00:00:00+08:00,,,0.0,0.0,,
308,2024-04-15 00:00:00+08:00,7.13,7.84,6.42,0.1646,11.94978557,1.0,1,False,False,0,0.0,0.0,0.0,0.0,False,SHSE.600000,1010,101001,10100101,SHSE,600000,浦发银行,PFYH,0.01,1,1999-11-10 00:00:00+08:00,2038-01-01 00:00:00+08:00,,,0.0,0.0,,
309,2024-04-16 00:00:00+08:00,7.3,8.03,6.57,0.137,11.94978557,1.0,1,False,False,0,0.0,0.0,0.0,0.0,False,SHSE.600000,1010,101001,10100101,SHSE,600000,浦发银行,PFYH,0.01,1,1999-11-10 00:00:00+08:00,2038-01-01 00:00:00+08:00,,,0.0,0.0,,
310,2024-04-17 00:00:00+08:00,7.26,7.99,6.53,0.147,11.94978557,1.0,1,False,False,0,0.0,0.0,0.0,0.0,False,SHSE.600000,1010,101001,10100101,SHSE,600000,浦发银行,PFYH,0.01,1,1999-11-10 00:00:00+08:00,2038-01-01 00:00:00+08:00,,,0.0,0.0,,
311,2024-04-18 00:00:00+08:00,7.34,8.07,6.61,0.1595,11.94978557,1.0,1,False,False,0,0.0,0.0,0.0,0.0,False,SHSE.600000,1010,101001,10100101,SHSE,600000,浦发银行,PFYH,0.01,1,1999-11-10 00:00:00+08:00,2038-01-01 00:00:00+08:00,,,0.0,0.0,,
312,2024-04-19 00:00:00+08:00,7.33,8.06,6.6,0.1295,11.94978557,1.0,1,False,False,0,0.0,0.0,0.0,0.0,False,SHSE.600000,1010,101001,10100101,SHSE,600000,浦发银行,PFYH,0.01,1,1999-11-10 00:00:00+08:00,2038-01-01 00:00:00+08:00,,,0.0,0.0,,
313,2024-04-22 00:00:00+08:00,7.34,8.07,6.61,0.0,11.94978557,1.0,1,False,False,0,0.0,0.0,0.0,0.0,False,SHSE.600000,1010,101001,10100101,SHSE,600000,浦发银行,PFYH,0.01,1,1999-11-10 00:00:00+08:00,2038-01-01 00:00:00+08:00,,,0.0,0.0,,
